objectid,transcript_line,start,end,speaker,text,txt_filename
mainstreet008,1,00:00:00.089,00:00:00.989,Monique Lillard,takes a second.,2021-06-25_benramalingam_annmariefulfer_sunilramalingam_videostore_transcript.vtt
mainstreet008,2,00:00:02.850,00:00:11.280,Monique Lillard,"Okay, now it says it's recording and that's that little thing up there, and so from time to time I get nervous, especially right after you say something great and i'll see still recording is it still recording.",2021-06-25_benramalingam_annmariefulfer_sunilramalingam_videostore_transcript.vtt
mainstreet008,3,00:00:12.330,00:00:13.590,Monique Lillard,you'll be free of that tension.,2021-06-25_benramalingam_annmariefulfer_sunilramalingam_videostore_transcript.vtt
mainstreet008,4,00:00:18.420,00:00:28.740,Monique Lillard,Okay i'm monique lillard and i'm an interviewer for the University of Idaho libraries oral History project concerning the video store in downtown Moscow Idaho.,2021-06-25_benramalingam_annmariefulfer_sunilramalingam_videostore_transcript.vtt
mainstreet008,5,00:00:29.400,00:00:43.590,Monique Lillard,"Today is June 25 2021 and I am sitting here with three of the four members of the family, I think we're going to get the fourth Member into talk sometime very soon, we hope.",2021-06-25_benramalingam_annmariefulfer_sunilramalingam_videostore_transcript.vtt
mainstreet008,6,00:00:44.100,00:00:48.180,Monique Lillard,They are going to introduce themselves in just a moment.,2021-06-25_benramalingam_annmariefulfer_sunilramalingam_videostore_transcript.vtt
mainstreet008,7,00:00:48.960,00:00:55.500,Monique Lillard,"In fact, you know what i'm going to have you do is i'm going to have you introduce yourselves and at the same time, maybe you could tell me that you have signed the waiver.",2021-06-25_benramalingam_annmariefulfer_sunilramalingam_videostore_transcript.vtt
mainstreet008,8,00:00:56.250,00:01:08.640,Monique Lillard,"Okay, but that way you pronounce your own names i'm doing this with everybody, including people with names like john Smith, because Lo and behold whole bunch of people pronounce the names differently from the way I thought there pronounce the last 30 years.",2021-06-25_benramalingam_annmariefulfer_sunilramalingam_videostore_transcript.vtt
mainstreet008,9,00:01:10.530,00:01:11.220,Monique Lillard,All right.,2021-06-25_benramalingam_annmariefulfer_sunilramalingam_videostore_transcript.vtt
mainstreet008,10,00:01:12.900,00:01:15.690,Monique Lillard,"You can adjust this get it where you want it, and then you can.",2021-06-25_benramalingam_annmariefulfer_sunilramalingam_videostore_transcript.vtt
mainstreet008,11,00:01:16.710,00:01:20.550,Monique Lillard,You can say who you are say that you've signed the.,2021-06-25_benramalingam_annmariefulfer_sunilramalingam_videostore_transcript.vtt
mainstreet008,12,00:01:21.840,00:01:28.950,Monique Lillard,"The waiver and then, if you look, I think you were all your own mainly customers of the video store so good.",2021-06-25_benramalingam_annmariefulfer_sunilramalingam_videostore_transcript.vtt
mainstreet008,13,00:01:31.980,00:01:39.150,Monique Lillard,"them I signed a waiver, and I was a customer at the store, as well as sorted through many of their DVDs of the Community.",2021-06-25_benramalingam_annmariefulfer_sunilramalingam_videostore_transcript.vtt
mainstreet008,14,00:01:40.200,00:01:44.520,Monique Lillard,"And Annemarie full, for I was a customer at the store and I find my way for.",2021-06-25_benramalingam_annmariefulfer_sunilramalingam_videostore_transcript.vtt
mainstreet008,15,00:01:45.540,00:01:52.890,Monique Lillard,me around the link on the customer at the store and also sign the waiver very good alright sorry when angry and see.,2021-06-25_benramalingam_annmariefulfer_sunilramalingam_videostore_transcript.vtt
mainstreet008,16,00:01:54.000,00:02:04.680,Monique Lillard,"How and when did you first find out about the video rental store in Moscow, and can you describe those early experiences and then, as they move on, through the years the free to stay with everybody.",2021-06-25_benramalingam_annmariefulfer_sunilramalingam_videostore_transcript.vtt
mainstreet008,17,00:02:05.730,00:02:13.560,Monique Lillard,"I think we moved here when he moved here in 1994 and, at the time, everybody had a.",2021-06-25_benramalingam_annmariefulfer_sunilramalingam_videostore_transcript.vtt
mainstreet008,18,00:02:15.750,00:02:27.630,Monique Lillard,"Visa is required, yes and and it was just natural you just assume that there was a video store in town and we've come from Davis, and we used to.",2021-06-25_benramalingam_annmariefulfer_sunilramalingam_videostore_transcript.vtt
mainstreet008,19,00:02:28.710,00:02:44.820,Monique Lillard,"Like to go to a local store rather than one of the the chains, and so we we start out with whether there was a local business in town renting out movies yeah, I think, from our views as well as.",2021-06-25_benramalingam_annmariefulfer_sunilramalingam_videostore_transcript.vtt
mainstreet008,20,00:02:46.410,00:02:54.420,Monique Lillard,"Those a store near jack in the box and those are the two places I went especially that first year right, and in that first year.",2021-06-25_benramalingam_annmariefulfer_sunilramalingam_videostore_transcript.vtt
mainstreet008,21,00:02:54.840,00:03:05.850,Monique Lillard,"I wasn't living here yet so Neil was so when I came my just tended to go to the same place where I started, going so I don't I never really rented anywhere else.",2021-06-25_benramalingam_annmariefulfer_sunilramalingam_videostore_transcript.vtt
mainstreet008,22,00:03:06.780,00:03:19.260,Monique Lillard,"Maybe went to blockbuster or whatever the other name of the video store in the safeway mall a couple of times, but they probably couldn't find what we wanted to tell us.",2021-06-25_benramalingam_annmariefulfer_sunilramalingam_videostore_transcript.vtt
mainstreet008,23,00:03:20.490,00:03:25.440,Monique Lillard,What was special about Howard Hughes when you remember the store you described it.,2021-06-25_benramalingam_annmariefulfer_sunilramalingam_videostore_transcript.vtt
mainstreet008,24,00:03:27.540,00:03:36.690,Monique Lillard,It was it was located at the time of the corner and Washington right and so what's the entire Howard Hughes.,2021-06-25_benramalingam_annmariefulfer_sunilramalingam_videostore_transcript.vtt
mainstreet008,25,00:03:40.440,00:03:42.180,Monique Lillard,empire yeah.,2021-06-25_benramalingam_annmariefulfer_sunilramalingam_videostore_transcript.vtt
mainstreet008,26,00:03:43.590,00:03:44.280,Monique Lillard,and,2021-06-25_benramalingam_annmariefulfer_sunilramalingam_videostore_transcript.vtt
mainstreet008,27,00:03:45.330,00:03:49.230,Monique Lillard,So you can go there and you could shop for.,2021-06-25_benramalingam_annmariefulfer_sunilramalingam_videostore_transcript.vtt
mainstreet008,28,00:03:51.810,00:03:54.390,Monique Lillard,A dishwasher or French movie.,2021-06-25_benramalingam_annmariefulfer_sunilramalingam_videostore_transcript.vtt
mainstreet008,29,00:03:56.820,00:03:57.780,Monique Lillard,But I.,2021-06-25_benramalingam_annmariefulfer_sunilramalingam_videostore_transcript.vtt
mainstreet008,30,00:04:00.240,00:04:10.470,Monique Lillard,"I had to say this, it doesn't sound wrong, I mean it was always a clean store but it just had more of a homey feel, not a to.",2021-06-25_benramalingam_annmariefulfer_sunilramalingam_videostore_transcript.vtt
mainstreet008,31,00:04:12.450,00:04:14.940,Monique Lillard,Clinical feel like like many.,2021-06-25_benramalingam_annmariefulfer_sunilramalingam_videostore_transcript.vtt
mainstreet008,32,00:04:16.500,00:04:20.040,Monique Lillard,Trains do where they are everybody looks the same so.,2021-06-25_benramalingam_annmariefulfer_sunilramalingam_videostore_transcript.vtt
mainstreet008,33,00:04:21.390,00:04:28.470,Monique Lillard,"I just thought, more focused on the convenience, because it was so cool, because just downtown and close to our place so you could.",2021-06-25_benramalingam_annmariefulfer_sunilramalingam_videostore_transcript.vtt
mainstreet008,34,00:04:29.100,00:04:39.360,Monique Lillard,"walk home if you wanted, or is it very short drive drove there and they had most of the movies, I wanted to see, and so I know when we.",2021-06-25_benramalingam_annmariefulfer_sunilramalingam_videostore_transcript.vtt
mainstreet008,35,00:04:39.930,00:04:56.850,Monique Lillard,"started watching the sopranos we were able to get episodes usually, when we wanted them not have to wait forever, and so I think it's really an HBO because that was right that was expensive, but we could we if we were willing to wait.",2021-06-25_benramalingam_annmariefulfer_sunilramalingam_videostore_transcript.vtt
mainstreet008,36,00:04:58.050,00:05:00.690,Monique Lillard,We could save a lot of money by renting.,2021-06-25_benramalingam_annmariefulfer_sunilramalingam_videostore_transcript.vtt
mainstreet008,37,00:05:02.250,00:05:06.150,Monique Lillard,The TV TV the vhs or the DVDs eventually.,2021-06-25_benramalingam_annmariefulfer_sunilramalingam_videostore_transcript.vtt
mainstreet008,38,00:05:07.560,00:05:08.490,,TV shows.,2021-06-25_benramalingam_annmariefulfer_sunilramalingam_videostore_transcript.vtt
mainstreet008,39,00:05:09.630,00:05:26.610,Monique Lillard,"And I know thinking about the transition and I don't recall, they must have continued to carry vhs is for a while, after DVDs became popular because I was being on what I and didn't want to buy something new, when we had all these vhs tapes and and so.",2021-06-25_benramalingam_annmariefulfer_sunilramalingam_videostore_transcript.vtt
mainstreet008,40,00:05:27.690,00:05:28.440,Monique Lillard,"We must, been able to.",2021-06-25_benramalingam_annmariefulfer_sunilramalingam_videostore_transcript.vtt
mainstreet008,41,00:05:29.790,00:05:41.970,Monique Lillard,Continue getting movies and series yeah I think part of the deal was that the appliance storage so DVD players and video players and DVD players and you remember all that other.,2021-06-25_benramalingam_annmariefulfer_sunilramalingam_videostore_transcript.vtt
mainstreet008,42,00:05:43.050,00:05:43.830,Monique Lillard,There were.,2021-06-25_benramalingam_annmariefulfer_sunilramalingam_videostore_transcript.vtt
mainstreet008,43,00:05:44.850,00:05:49.470,Monique Lillard,More BLU Ray came after DVDs but there were things that look like records.,2021-06-25_benramalingam_annmariefulfer_sunilramalingam_videostore_transcript.vtt
mainstreet008,44,00:05:51.630,00:06:03.480,Monique Lillard,"was just so I don't think this is, of course, there was a while before there was vhs, and so I think that was the link between the appliance store and.",2021-06-25_benramalingam_annmariefulfer_sunilramalingam_videostore_transcript.vtt
mainstreet008,45,00:06:04.470,00:06:15.720,Monique Lillard,selling us the movies yeah so how often and and then eventually your beautiful family came in and how often would you go to the video store.,2021-06-25_benramalingam_annmariefulfer_sunilramalingam_videostore_transcript.vtt
mainstreet008,46,00:06:17.910,00:06:19.260,Monique Lillard,We went quite often.,2021-06-25_benramalingam_annmariefulfer_sunilramalingam_videostore_transcript.vtt
mainstreet008,47,00:06:20.400,00:06:32.790,Monique Lillard,"right we we would we would buy some some vhs but some things I get Disney was still releasing movies, you know every seven years, so if you wanted your.",2021-06-25_benramalingam_annmariefulfer_sunilramalingam_videostore_transcript.vtt
mainstreet008,48,00:06:33.390,00:06:42.180,Monique Lillard,Child to see a classic rock I have a very distant memory of that like maybe once every couple weeks you'd let me and I read one thing each.,2021-06-25_benramalingam_annmariefulfer_sunilramalingam_videostore_transcript.vtt
mainstreet008,49,00:06:43.680,00:06:46.020,Monique Lillard,So that is regular right.,2021-06-25_benramalingam_annmariefulfer_sunilramalingam_videostore_transcript.vtt
mainstreet008,50,00:06:47.370,00:06:57.960,Monique Lillard,"And, and that reminds me, we also would get videos from the library, because we wanted to encourage children going to the library and we we get books and.",2021-06-25_benramalingam_annmariefulfer_sunilramalingam_videostore_transcript.vtt
mainstreet008,51,00:06:59.250,00:07:00.240,Monique Lillard,Then we're building it.,2021-06-25_benramalingam_annmariefulfer_sunilramalingam_videostore_transcript.vtt
mainstreet008,52,00:07:04.260,00:07:09.510,Monique Lillard,Last time i'm interested to get a book about a library they wouldn't give her a library cards.,2021-06-25_benramalingam_annmariefulfer_sunilramalingam_videostore_transcript.vtt
mainstreet008,53,00:07:12.450,00:07:13.650,Monique Lillard,The public library yeah.,2021-06-25_benramalingam_annmariefulfer_sunilramalingam_videostore_transcript.vtt
mainstreet008,54,00:07:17.250,00:07:21.000,Monique Lillard,Did you know that many books on tape I have.,2021-06-25_benramalingam_annmariefulfer_sunilramalingam_videostore_transcript.vtt
mainstreet008,55,00:07:22.800,00:07:34.380,Monique Lillard,"gotten a couple of books yeah on CD from the ui library i'm afraid many yeah I started getting movies from i've got a few movies from there, towards the end of the time, as I.",2021-06-25_benramalingam_annmariefulfer_sunilramalingam_videostore_transcript.vtt
mainstreet008,56,00:07:35.520,00:07:50.970,Monique Lillard,"Remember, we remember we we get teletubbies for our all the time at the libraries I don't know, maybe Howard Hughes didn't have the teletubbies or maybe because if you're renting the teletubbies every week, you can run a.",2021-06-25_benramalingam_annmariefulfer_sunilramalingam_videostore_transcript.vtt
mainstreet008,57,00:07:52.530,00:07:54.570,Monique Lillard,"library worked well, but.",2021-06-25_benramalingam_annmariefulfer_sunilramalingam_videostore_transcript.vtt
mainstreet008,58,00:07:56.910,00:08:07.980,Monique Lillard,"When can we often would you often go in as a family of four of you, or just the grown ups or just one or one come farmers market day right we went.",2021-06-25_benramalingam_annmariefulfer_sunilramalingam_videostore_transcript.vtt
mainstreet008,59,00:08:08.940,00:08:20.640,Monique Lillard,"When when I was a kid and we would go to mass, we would, as a family go get down that's translated into family we begin a farmers market and then go to Howard Hughes or.",2021-06-25_benramalingam_annmariefulfer_sunilramalingam_videostore_transcript.vtt
mainstreet008,60,00:08:23.250,00:08:24.450,Monique Lillard,Maybe pick up a movie.,2021-06-25_benramalingam_annmariefulfer_sunilramalingam_videostore_transcript.vtt
mainstreet008,61,00:08:25.560,00:08:32.040,Monique Lillard,"What did you think of the collection, so you kind of talked about it, I liked it, it was pretty broad day.",2021-06-25_benramalingam_annmariefulfer_sunilramalingam_videostore_transcript.vtt
mainstreet008,62,00:08:34.440,00:08:38.310,Monique Lillard,"It most often read about a movie I could find it there, so.",2021-06-25_benramalingam_annmariefulfer_sunilramalingam_videostore_transcript.vtt
mainstreet008,63,00:08:39.780,00:08:43.350,Monique Lillard,And I think Howard Hughes started.,2021-06-25_benramalingam_annmariefulfer_sunilramalingam_videostore_transcript.vtt
mainstreet008,64,00:08:45.720,00:08:57.330,Monique Lillard,"doing the the employees PICs and I always enjoyed looking at those and see what they liked and maybe there was someone who's tastes intersected with mine, and I think there's um.",2021-06-25_benramalingam_annmariefulfer_sunilramalingam_videostore_transcript.vtt
mainstreet008,65,00:08:58.890,00:09:00.420,,yeah that's like.,2021-06-25_benramalingam_annmariefulfer_sunilramalingam_videostore_transcript.vtt
mainstreet008,66,00:09:02.250,00:09:09.870,Monique Lillard,"Okay, so i'll ask each of you, and then move over what was your favorite section of the store, you might have different answers so.",2021-06-25_benramalingam_annmariefulfer_sunilramalingam_videostore_transcript.vtt
mainstreet008,67,00:09:11.730,00:09:26.100,Monique Lillard,"I think drama and then copy that over and I liked the the war section of the lesson trial I love watching movies, like the battle of Britain or midway, and so they had a pretty good collection.",2021-06-25_benramalingam_annmariefulfer_sunilramalingam_videostore_transcript.vtt
mainstreet008,68,00:09:29.760,00:09:47.010,Monique Lillard,"I would probably be filming or and then, as the kids are getting older, I transition to the TV section, because I mean that was that was the thing that was so great about Howard Hughes and and Main Street video was a collection of TV shows and.",2021-06-25_benramalingam_annmariefulfer_sunilramalingam_videostore_transcript.vtt
mainstreet008,69,00:09:48.780,00:09:55.140,Monique Lillard,Remembering that hungry when we started star trek the next generation seven six or seven yeah.,2021-06-25_benramalingam_annmariefulfer_sunilramalingam_videostore_transcript.vtt
mainstreet008,70,00:09:56.730,00:10:00.960,Monique Lillard,So yeah that was required viewing all.,2021-06-25_benramalingam_annmariefulfer_sunilramalingam_videostore_transcript.vtt
mainstreet008,71,00:10:04.290,00:10:05.820,Monique Lillard,star trek the next generation.,2021-06-25_benramalingam_annmariefulfer_sunilramalingam_videostore_transcript.vtt
mainstreet008,72,00:10:09.150,00:10:10.080,Monique Lillard,"hello, no.",2021-06-25_benramalingam_annmariefulfer_sunilramalingam_videostore_transcript.vtt
mainstreet008,73,00:10:12.150,00:10:16.530,Monique Lillard,"No it's just I slept so i'm gonna remind myself, not to do.",2021-06-25_benramalingam_annmariefulfer_sunilramalingam_videostore_transcript.vtt
mainstreet008,74,00:10:18.480,00:10:26.730,Monique Lillard,"So then tell us your earliest memories now and resist the store on Chris and Washington, or the other store and my earliest memories was when it was.",2021-06-25_benramalingam_annmariefulfer_sunilramalingam_videostore_transcript.vtt
mainstreet008,75,00:10:27.300,00:10:45.480,Monique Lillard,"crossing the Co op, but I can barely remember that, and I think at that time, you would have been giving me like animated Batman and Superman cartoons and that's the earliest I can I can actually specifically remember that So those are my group members of the store.",2021-06-25_benramalingam_annmariefulfer_sunilramalingam_videostore_transcript.vtt
mainstreet008,76,00:10:46.860,00:10:51.600,Monique Lillard,"Okay, what do you remember from a child's perspective, how itself walking in.",2021-06-25_benramalingam_annmariefulfer_sunilramalingam_videostore_transcript.vtt
mainstreet008,77,00:10:52.650,00:10:56.340,Monique Lillard,i'm I mean i'm sure they were just like all right go rope.,2021-06-25_benramalingam_annmariefulfer_sunilramalingam_videostore_transcript.vtt
mainstreet008,78,00:10:57.720,00:11:06.960,Monique Lillard,"Be walking and does, I think I was just thinking really to the kids corner and then I think, as I got older as exploring more to comedy TV sections.",2021-06-25_benramalingam_annmariefulfer_sunilramalingam_videostore_transcript.vtt
mainstreet008,79,00:11:09.270,00:11:13.500,Monique Lillard,store was organized I mean I feel like when you went in.,2021-06-25_benramalingam_annmariefulfer_sunilramalingam_videostore_transcript.vtt
mainstreet008,80,00:11:14.580,00:11:17.640,Monique Lillard,The extra section was to the right.,2021-06-25_benramalingam_annmariefulfer_sunilramalingam_videostore_transcript.vtt
mainstreet008,81,00:11:19.830,00:11:21.750,Monique Lillard,Behind the curtain behind the curtain.,2021-06-25_benramalingam_annmariefulfer_sunilramalingam_videostore_transcript.vtt
mainstreet008,82,00:11:23.640,00:11:29.100,Monique Lillard,"But I am not i'm not for sure on that, but I remember, because this is a good sign.",2021-06-25_benramalingam_annmariefulfer_sunilramalingam_videostore_transcript.vtt
mainstreet008,83,00:11:30.930,00:11:36.090,Monique Lillard,"kids hey you can roam wherever you want, but you're probably not interested in this area.",2021-06-25_benramalingam_annmariefulfer_sunilramalingam_videostore_transcript.vtt
mainstreet008,84,00:11:41.250,00:11:57.420,Monique Lillard,"So transition to the location on Main Street good memories of the transition, well, I maintain that I moved at least one box, because I ran into real Franklin downtown and they were they were carrying boxes so i'll claim that I can move one box, but.",2021-06-25_benramalingam_annmariefulfer_sunilramalingam_videostore_transcript.vtt
mainstreet008,85,00:11:58.650,00:12:08.970,Monique Lillard,"that's about it, I mean I liked the new location was a little farther away, but was I thought great that it was on Main Street and that's where the storefront was and.",2021-06-25_benramalingam_annmariefulfer_sunilramalingam_videostore_transcript.vtt
mainstreet008,86,00:12:10.020,00:12:19.200,Monique Lillard,"I feel like it was bigger and maybe i'm wrong, but maybe that's just a recency bias, but I felt like it was a larger space and they can have been tori.",2021-06-25_benramalingam_annmariefulfer_sunilramalingam_videostore_transcript.vtt
mainstreet008,87,00:12:20.250,00:12:21.090,Monique Lillard,I feel like it was.,2021-06-25_benramalingam_annmariefulfer_sunilramalingam_videostore_transcript.vtt
mainstreet008,88,00:12:22.380,00:12:33.090,Monique Lillard,"Better lead and I don't also don't know if that say that my boss may remember the old location, it seemed really small, but that is a big deal yeah.",2021-06-25_benramalingam_annmariefulfer_sunilramalingam_videostore_transcript.vtt
mainstreet008,89,00:12:34.200,00:12:34.590,Monique Lillard,yeah.,2021-06-25_benramalingam_annmariefulfer_sunilramalingam_videostore_transcript.vtt
mainstreet008,90,00:12:35.820,00:12:46.920,Monique Lillard,"I think in terms of square feet, the old location and, and I mean the old location was first something small and then it expanded to really quite a big floor so it was a senior however they had more.",2021-06-25_benramalingam_annmariefulfer_sunilramalingam_videostore_transcript.vtt
mainstreet008,91,00:12:50.250,00:13:00.390,Monique Lillard,video cassettes what's the word when we call it just vhs tapes and those are bigger right and so that's that's an interesting that that's that those are your presence.,2021-06-25_benramalingam_annmariefulfer_sunilramalingam_videostore_transcript.vtt
mainstreet008,92,00:13:01.950,00:13:02.490,Monique Lillard,To talk about.,2021-06-25_benramalingam_annmariefulfer_sunilramalingam_videostore_transcript.vtt
mainstreet008,93,00:13:05.580,00:13:16.260,Monique Lillard,So that's interesting tell it felt better than it was did you have concerns about the parking and how to return the videos or i'm going to call videos and TV.,2021-06-25_benramalingam_annmariefulfer_sunilramalingam_videostore_transcript.vtt
mainstreet008,94,00:13:17.730,00:13:23.220,Monique Lillard,"We were, I remember, and we have always been.",2021-06-25_benramalingam_annmariefulfer_sunilramalingam_videostore_transcript.vtt
mainstreet008,95,00:13:25.680,00:13:38.340,Monique Lillard,Good users of the co op parking lot and if we were running if we were shopping and returning a movie we would park in the parking lot and one of us would go in.,2021-06-25_benramalingam_annmariefulfer_sunilramalingam_videostore_transcript.vtt
mainstreet008,96,00:13:38.760,00:13:52.950,Monique Lillard,"To the Co op and the other would run the movie So you can see, we didn't want to be seen as using the Co op parking, but it was a it was an issue if you were just running down in your car to return something.",2021-06-25_benramalingam_annmariefulfer_sunilramalingam_videostore_transcript.vtt
mainstreet008,97,00:13:54.720,00:13:59.940,Monique Lillard,You are always walking so yeah no oh yeah and we use children to.,2021-06-25_benramalingam_annmariefulfer_sunilramalingam_videostore_transcript.vtt
mainstreet008,98,00:14:01.110,00:14:02.940,Monique Lillard,decide when to walk this down.,2021-06-25_benramalingam_annmariefulfer_sunilramalingam_videostore_transcript.vtt
mainstreet008,99,00:14:04.020,00:14:04.650,Monique Lillard,All make sense.,2021-06-25_benramalingam_annmariefulfer_sunilramalingam_videostore_transcript.vtt
mainstreet008,100,00:14:07.980,00:14:20.910,Monique Lillard,"see your reference Neill Franklin we had a long interview with Pat, and of course meals wife, of course, but since this is for this video, I just wanted to say so Neill Franklin was a professor at the law school where.",2021-06-25_benramalingam_annmariefulfer_sunilramalingam_videostore_transcript.vtt
mainstreet008,101,00:14:21.360,00:14:28.830,Monique Lillard,Now the honorable sending hill attendance and and reform for attended and currently works so.,2021-06-25_benramalingam_annmariefulfer_sunilramalingam_videostore_transcript.vtt
mainstreet008,102,00:14:31.020,00:14:40.590,Monique Lillard,"When is your title assistant Dean for career development there we go, yes, yes, so that's the whole connection there just to make that clear all right so.",2021-06-25_benramalingam_annmariefulfer_sunilramalingam_videostore_transcript.vtt
mainstreet008,103,00:14:43.320,00:14:54.990,Monique Lillard,"Oh, going to the new store, what are your memories of them after what we covered the main street store, I mean, I think the prime time that I was going there was like ages eight to 12.",2021-06-25_benramalingam_annmariefulfer_sunilramalingam_videostore_transcript.vtt
mainstreet008,104,00:14:56.220,00:15:01.860,Monique Lillard,Mainly summers I walked down with them a lot me your sister yes fourth number.,2021-06-25_benramalingam_annmariefulfer_sunilramalingam_videostore_transcript.vtt
mainstreet008,105,00:15:02.940,00:15:07.560,Monique Lillard,i'm out I blink a lot of that just too.,2021-06-25_benramalingam_annmariefulfer_sunilramalingam_videostore_transcript.vtt
mainstreet008,106,00:15:09.120,00:15:19.410,Monique Lillard,"Late elementary school, like, I think that that aid my favorite category would have been going to like the comic book section something that's what I think about first what their age.",2021-06-25_benramalingam_annmariefulfer_sunilramalingam_videostore_transcript.vtt
mainstreet008,107,00:15:21.330,00:15:28.830,Monique Lillard,"And then you continue to go there through, I think, even in the last few years we've been renting.",2021-06-25_benramalingam_annmariefulfer_sunilramalingam_videostore_transcript.vtt
mainstreet008,108,00:15:30.060,00:15:35.610,Monique Lillard,"Right, they were thinking game of thrones continuing with the TV and not paying for HBO yes.",2021-06-25_benramalingam_annmariefulfer_sunilramalingam_videostore_transcript.vtt
mainstreet008,109,00:15:37.080,00:15:37.650,Monique Lillard,My virtual.,2021-06-25_benramalingam_annmariefulfer_sunilramalingam_videostore_transcript.vtt
mainstreet008,110,00:15:38.820,00:15:39.120,Monique Lillard,well.,2021-06-25_benramalingam_annmariefulfer_sunilramalingam_videostore_transcript.vtt
mainstreet008,111,00:15:41.550,00:15:42.270,Monique Lillard,At last.,2021-06-25_benramalingam_annmariefulfer_sunilramalingam_videostore_transcript.vtt
mainstreet008,112,00:15:45.570,00:16:08.580,Monique Lillard,"Last oh man yeah next time there's winter and somebody's got a cold or something serious yes it's clearly the series to watch, yes, when we you you when you wanted to run game of thrones you were 16 yes, this would have been early junior year so yeah.",2021-06-25_benramalingam_annmariefulfer_sunilramalingam_videostore_transcript.vtt
mainstreet008,113,00:16:10.170,00:16:15.810,Monique Lillard,20 2013 we reveal our scandalous parenting.,2021-06-25_benramalingam_annmariefulfer_sunilramalingam_videostore_transcript.vtt
mainstreet008,114,00:16:19.590,00:16:21.600,Monique Lillard,them on the watch game of thrones and.,2021-06-25_benramalingam_annmariefulfer_sunilramalingam_videostore_transcript.vtt
mainstreet008,115,00:16:23.520,00:16:25.140,Monique Lillard,"So, like okay.",2021-06-25_benramalingam_annmariefulfer_sunilramalingam_videostore_transcript.vtt
mainstreet008,116,00:16:26.220,00:16:33.720,Monique Lillard,And he went down to Howard Hughes to rent it and then I got a phone call and they're like.,2021-06-25_benramalingam_annmariefulfer_sunilramalingam_videostore_transcript.vtt
mainstreet008,117,00:16:36.360,00:16:37.320,Monique Lillard,i've been detained.,2021-06-25_benramalingam_annmariefulfer_sunilramalingam_videostore_transcript.vtt
mainstreet008,118,00:16:39.090,00:16:39.780,Monique Lillard,You still have the.,2021-06-25_benramalingam_annmariefulfer_sunilramalingam_videostore_transcript.vtt
mainstreet008,119,00:16:41.250,00:16:43.200,Monique Lillard,Main Street and.,2021-06-25_benramalingam_annmariefulfer_sunilramalingam_videostore_transcript.vtt
mainstreet008,120,00:16:44.820,00:16:55.500,Monique Lillard,"We you know, we have been here who says that he has permission to read game of thrones but he's not on your characters having permission to.",2021-06-25_benramalingam_annmariefulfer_sunilramalingam_videostore_transcript.vtt
mainstreet008,121,00:16:55.920,00:17:07.320,Monique Lillard,"They have there was a rating system for some of the TV shows Do you remember that I had to get my permission, so that you could yeah right game of thrones I think i'm going to do that, like once.",2021-06-25_benramalingam_annmariefulfer_sunilramalingam_videostore_transcript.vtt
mainstreet008,122,00:17:10.380,00:17:11.040,Monique Lillard,You were on the.,2021-06-25_benramalingam_annmariefulfer_sunilramalingam_videostore_transcript.vtt
mainstreet008,123,00:17:12.300,00:17:13.050,Monique Lillard,nose.,2021-06-25_benramalingam_annmariefulfer_sunilramalingam_videostore_transcript.vtt
mainstreet008,124,00:17:17.490,00:17:17.940,Monique Lillard,is gone.,2021-06-25_benramalingam_annmariefulfer_sunilramalingam_videostore_transcript.vtt
mainstreet008,125,00:17:24.600,00:17:25.200,Monique Lillard,So.,2021-06-25_benramalingam_annmariefulfer_sunilramalingam_videostore_transcript.vtt
mainstreet008,126,00:17:27.000,00:17:31.140,Monique Lillard,Do you think the store was important to Moscow and so how so.,2021-06-25_benramalingam_annmariefulfer_sunilramalingam_videostore_transcript.vtt
mainstreet008,127,00:17:33.390,00:17:47.100,Monique Lillard,"Well, first there was basic level, I think it was important that to me that we have video store because we hadn't started using streaming services, I I I like I like what I know and so.",2021-06-25_benramalingam_annmariefulfer_sunilramalingam_videostore_transcript.vtt
mainstreet008,128,00:17:48.810,00:17:50.400,Monique Lillard,Right and.,2021-06-25_benramalingam_annmariefulfer_sunilramalingam_videostore_transcript.vtt
mainstreet008,129,00:17:51.510,00:17:59.430,Monique Lillard,"And so, just to have the store was important, and then I think it was really important that it was a Community store and we have.",2021-06-25_benramalingam_annmariefulfer_sunilramalingam_videostore_transcript.vtt
mainstreet008,130,00:18:00.060,00:18:15.570,Monique Lillard,"You to think about others, but at the forest, I recall, making sure that it happened, and so I thought it was wonderful that the Community has rallied around and show me interesting and and keeping the store right yeah right we leave where.",2021-06-25_benramalingam_annmariefulfer_sunilramalingam_videostore_transcript.vtt
mainstreet008,131,00:18:18.300,00:18:26.070,Monique Lillard,You Member owners co op yeah and it was it was a place to run into.,2021-06-25_benramalingam_annmariefulfer_sunilramalingam_videostore_transcript.vtt
mainstreet008,132,00:18:28.290,00:18:34.710,Monique Lillard,Here round Robin to a friend that apart from saying hi they might give you a recommendation and.,2021-06-25_benramalingam_annmariefulfer_sunilramalingam_videostore_transcript.vtt
mainstreet008,133,00:18:35.850,00:18:36.270,,yeah.,2021-06-25_benramalingam_annmariefulfer_sunilramalingam_videostore_transcript.vtt
mainstreet008,134,00:18:37.500,00:18:38.520,Monique Lillard,"And I remember, we used to.",2021-06-25_benramalingam_annmariefulfer_sunilramalingam_videostore_transcript.vtt
mainstreet008,135,00:18:40.110,00:19:00.210,Monique Lillard,"Look, for movies, that we were interested in that we liked and wanted to own so when they were because to rent movies, they buy several copies, and then, as the hub of died down, they would sell off extra copies show reading by movies yeah every time I go there for that.",2021-06-25_benramalingam_annmariefulfer_sunilramalingam_videostore_transcript.vtt
mainstreet008,136,00:19:04.380,00:19:14.970,Monique Lillard,"How about from your point of view, what What did the story into Moscow, I think, like a lot of summers am and I would just spend a day just walking downtown because I would have been.",2021-06-25_benramalingam_annmariefulfer_sunilramalingam_videostore_transcript.vtt
mainstreet008,137,00:19:15.600,00:19:24.090,Monique Lillard,Like nine and she would have been 12 or 13 so we just walk downtown and grab lunch and then go to the store and explore for a little while.,2021-06-25_benramalingam_annmariefulfer_sunilramalingam_videostore_transcript.vtt
mainstreet008,138,00:19:24.630,00:19:35.880,Monique Lillard,"And then head back home, maybe watch thing, so they occupy their time I think on summers which it was always fun right that's right because you were free range children, yes, right now, it's called free range.",2021-06-25_benramalingam_annmariefulfer_sunilramalingam_videostore_transcript.vtt
mainstreet008,139,00:19:37.020,00:19:57.030,Monique Lillard,"What how long in high school, so you graduated from high school in 20 2020 that's right, of course, he's a covert graduate college and graduate democrats, for the record store closed in February, March I think there's a lot of 2020 so.",2021-06-25_benramalingam_annmariefulfer_sunilramalingam_videostore_transcript.vtt
mainstreet008,140,00:19:58.320,00:20:11.760,Monique Lillard,"It closed for good literally, the day before the governor shutdown started that started on Monday and closing on a Friday, so, but just going a little bit back from that so when you're in high school.",2021-06-25_benramalingam_annmariefulfer_sunilramalingam_videostore_transcript.vtt
mainstreet008,141,00:20:13.380,00:20:21.480,Monique Lillard,"Video store play much into the entertainment of Moscow highly I can't speak for others, I know I had a friend who work there, at least.",2021-06-25_benramalingam_annmariefulfer_sunilramalingam_videostore_transcript.vtt
mainstreet008,142,00:20:22.410,00:20:36.480,Monique Lillard,"But I often watch freaks and geeks at the beginning of the school year and that's been taken off the netflix I was like well, I guess, I know where to go so even that I was still using it so for me how.",2021-06-25_benramalingam_annmariefulfer_sunilramalingam_videostore_transcript.vtt
mainstreet008,143,00:20:38.670,00:20:48.450,Monique Lillard,You can use netflix a nice cool yes something like yeah yeah but you did we had netflix yes by this but eventually we had netflix but.,2021-06-25_benramalingam_annmariefulfer_sunilramalingam_videostore_transcript.vtt
mainstreet008,144,00:20:48.990,00:21:03.090,Monique Lillard,"that's still would have helped us with our soprano problem came up with a lot of things right um, what do you think was the most important person at the store and not necessarily a name but just what position, who.",2021-06-25_benramalingam_annmariefulfer_sunilramalingam_videostore_transcript.vtt
mainstreet008,145,00:21:06.390,00:21:10.200,Monique Lillard,I guess whoever was find the more.,2021-06-25_benramalingam_annmariefulfer_sunilramalingam_videostore_transcript.vtt
mainstreet008,146,00:21:11.550,00:21:21.450,Monique Lillard,"esoteric films and and and it really had to find collection and I I won't pretend, I spent most of my time there, but if there was something that I wanted to find.",2021-06-25_benramalingam_annmariefulfer_sunilramalingam_videostore_transcript.vtt
mainstreet008,147,00:21:22.470,00:21:41.820,Monique Lillard,"You can find that so someone who's doing a good job, getting those titles, it was very rare that that there was a movie that we read about and it wasn't there and and sometimes you could ask, and they would look into it in and get a movie you know it seemed.",2021-06-25_benramalingam_annmariefulfer_sunilramalingam_videostore_transcript.vtt
mainstreet008,148,00:21:43.650,00:21:54.720,Monique Lillard,"Right well, not for us to buy but also affect have to read and maybe there'd be just one copy of it, but if it seemed like something that other people might read so yeah I would say the purchaser.",2021-06-25_benramalingam_annmariefulfer_sunilramalingam_videostore_transcript.vtt
mainstreet008,149,00:21:56.430,00:22:01.050,Monique Lillard,"All right, and you were aware of the process of going cooperative and you were Members.",2021-06-25_benramalingam_annmariefulfer_sunilramalingam_videostore_transcript.vtt
mainstreet008,150,00:22:01.560,00:22:09.720,Monique Lillard,"Any thoughts about the pluses and minuses of shifting from a private ownership, which was a group of people, including me a Franklin and happening and some others.",2021-06-25_benramalingam_annmariefulfer_sunilramalingam_videostore_transcript.vtt
mainstreet008,151,00:22:10.200,00:22:20.130,Monique Lillard,"To this cooperative ownership again pluses and minuses or well for me, the first plus was that good men to storm continue to exist.",2021-06-25_benramalingam_annmariefulfer_sunilramalingam_videostore_transcript.vtt
mainstreet008,152,00:22:20.550,00:22:35.460,Monique Lillard,"And I had the hope that if it were, because it was going to be uncooperative that it might survive streaming and if there were enough people involved that that it will hang on so.",2021-06-25_benramalingam_annmariefulfer_sunilramalingam_videostore_transcript.vtt
mainstreet008,153,00:22:37.230,00:22:39.120,Monique Lillard,"Anyway, it was definitely.",2021-06-25_benramalingam_annmariefulfer_sunilramalingam_videostore_transcript.vtt
mainstreet008,154,00:22:41.820,00:22:43.830,Monique Lillard,type of business that.,2021-06-25_benramalingam_annmariefulfer_sunilramalingam_videostore_transcript.vtt
mainstreet008,155,00:22:45.660,00:22:53.730,Monique Lillard,"People weren't starting a new and, as I hoped that it would be able to make the leap to.",2021-06-25_benramalingam_annmariefulfer_sunilramalingam_videostore_transcript.vtt
mainstreet008,156,00:22:57.600,00:23:02.760,Monique Lillard,A niche classic type of business and and stay open so.,2021-06-25_benramalingam_annmariefulfer_sunilramalingam_videostore_transcript.vtt
mainstreet008,157,00:23:05.130,00:23:10.530,Monique Lillard,"The cooperative nature of enter your consciousness, no I wasn't I was not aware.",2021-06-25_benramalingam_annmariefulfer_sunilramalingam_videostore_transcript.vtt
mainstreet008,158,00:23:13.320,00:23:22.440,Monique Lillard,"That co op could have done better and I asked that question without meaningless lane people that just sort of with an eye to something else going cooperatives, but.",2021-06-25_benramalingam_annmariefulfer_sunilramalingam_videostore_transcript.vtt
mainstreet008,159,00:23:24.360,00:23:31.800,Monique Lillard,"I don't think so I liked it very much the way it was I mean event all of mine, so I there wasn't anything I wanted.",2021-06-25_benramalingam_annmariefulfer_sunilramalingam_videostore_transcript.vtt
mainstreet008,160,00:23:33.060,00:23:42.090,Monique Lillard,"To do differently right and I really didn't know anything that was behind the scenes right and what's great, what do you think the store.",2021-06-25_benramalingam_annmariefulfer_sunilramalingam_videostore_transcript.vtt
mainstreet008,161,00:23:43.200,00:23:45.120,Monique Lillard,It could stream trees yeah.,2021-06-25_benramalingam_annmariefulfer_sunilramalingam_videostore_transcript.vtt
mainstreet008,162,00:23:47.250,00:23:51.600,Monique Lillard,"So expand well if you, you know if it's.",2021-06-25_benramalingam_annmariefulfer_sunilramalingam_videostore_transcript.vtt
mainstreet008,163,00:23:53.010,00:24:03.690,Monique Lillard,you've been out gardening in your yard all day and you go in for a glass of wine or a glass of iced tea and you think I want to watch.,2021-06-25_benramalingam_annmariefulfer_sunilramalingam_videostore_transcript.vtt
mainstreet008,164,00:24:07.890,00:24:10.560,Monique Lillard,Trying to think of some of the dark victory.,2021-06-25_benramalingam_annmariefulfer_sunilramalingam_videostore_transcript.vtt
mainstreet008,165,00:24:13.110,00:24:13.530,Monique Lillard,victory.,2021-06-25_benramalingam_annmariefulfer_sunilramalingam_videostore_transcript.vtt
mainstreet008,166,00:24:16.230,00:24:17.670,Monique Lillard,Betty Davis classic but.,2021-06-25_benramalingam_annmariefulfer_sunilramalingam_videostore_transcript.vtt
mainstreet008,167,00:24:19.260,00:24:30.690,Monique Lillard,He you know if you search for it on streaming or decide to rent it via Amazon and you're sitting there with your beverage and your side.,2021-06-25_benramalingam_annmariefulfer_sunilramalingam_videostore_transcript.vtt
mainstreet008,168,00:24:31.770,00:24:34.080,Monique Lillard,You don't have to get up and go downtown.,2021-06-25_benramalingam_annmariefulfer_sunilramalingam_videostore_transcript.vtt
mainstreet008,169,00:24:35.100,00:24:48.780,Monique Lillard,"So I wouldn't say the audit on that I think when i'm out, and I would go there, we didn't like renting a movie at home, I think we just have more fun walking downtown and actually going through all the stuff.",2021-06-25_benramalingam_annmariefulfer_sunilramalingam_videostore_transcript.vtt
mainstreet008,170,00:24:49.950,00:24:55.800,Monique Lillard,"Good stuff well, I think, as we got older I would check out a terrific anywhere at Main Street.",2021-06-25_benramalingam_annmariefulfer_sunilramalingam_videostore_transcript.vtt
mainstreet008,171,00:24:59.400,00:25:00.240,Monique Lillard,I can understand why.,2021-06-25_benramalingam_annmariefulfer_sunilramalingam_videostore_transcript.vtt
mainstreet008,172,00:25:02.310,00:25:02.880,Monique Lillard,This is the.,2021-06-25_benramalingam_annmariefulfer_sunilramalingam_videostore_transcript.vtt
mainstreet008,173,00:25:06.900,00:25:07.560,Monique Lillard,spoiler alert.,2021-06-25_benramalingam_annmariefulfer_sunilramalingam_videostore_transcript.vtt
mainstreet008,174,00:25:09.210,00:25:09.960,Monique Lillard,i'm not gonna watch it.,2021-06-25_benramalingam_annmariefulfer_sunilramalingam_videostore_transcript.vtt
mainstreet008,175,00:25:11.160,00:25:13.110,Monique Lillard,was so close to where would you.,2021-06-25_benramalingam_annmariefulfer_sunilramalingam_videostore_transcript.vtt
mainstreet008,176,00:25:14.160,00:25:16.230,Monique Lillard,How would you find and would you find it.,2021-06-25_benramalingam_annmariefulfer_sunilramalingam_videostore_transcript.vtt
mainstreet008,177,00:25:18.000,00:25:30.870,Monique Lillard,"me personally, I have we have roku so there's a search feature on roku and you can type in the name of a movie and it comes up and then it tells you.",2021-06-25_benramalingam_annmariefulfer_sunilramalingam_videostore_transcript.vtt
mainstreet008,178,00:25:31.470,00:25:41.430,Monique Lillard,"Who all is streaming it and then it'll tell you comes with subscription so, for example, this with netflix you would see comes with subscription and.",2021-06-25_benramalingam_annmariefulfer_sunilramalingam_videostore_transcript.vtt
mainstreet008,179,00:25:42.420,00:25:54.690,Monique Lillard,"And then you can press that and we just take you directly to netflix it's alright it's so easy you're taught me something I did not know I can I can go on Google and do it, I I have.",2021-06-25_benramalingam_annmariefulfer_sunilramalingam_videostore_transcript.vtt
mainstreet008,180,00:25:55.500,00:26:05.040,Monique Lillard,"My roku does not work well it's almost constantly every other day, we have to unplug the whole thing to have this problem where the mouth and the words are different or with.",2021-06-25_benramalingam_annmariefulfer_sunilramalingam_videostore_transcript.vtt
mainstreet008,181,00:26:06.750,00:26:07.740,Monique Lillard,With our elders.,2021-06-25_benramalingam_annmariefulfer_sunilramalingam_videostore_transcript.vtt
mainstreet008,182,00:26:09.630,00:26:11.430,Monique Lillard,Right anything you have to upgrade.,2021-06-25_benramalingam_annmariefulfer_sunilramalingam_videostore_transcript.vtt
mainstreet008,183,00:26:16.860,00:26:18.570,Monique Lillard,word we don't use it ourselves.,2021-06-25_benramalingam_annmariefulfer_sunilramalingam_videostore_transcript.vtt
mainstreet008,184,00:26:24.540,00:26:29.850,Monique Lillard,"But I mean I don't always find the movies, that I want what I do that search and.",2021-06-25_benramalingam_annmariefulfer_sunilramalingam_videostore_transcript.vtt
mainstreet008,185,00:26:31.500,00:26:51.660,Monique Lillard,"All the content and I am averse to pay more, I don't want to rent it from Amazon I don't mind reading it from a from a DVD store movie stuff store but there's Courtney that doesn't want to pay Amazon, or whoever, right now, I mean we're already doing.",2021-06-25_benramalingam_annmariefulfer_sunilramalingam_videostore_transcript.vtt
mainstreet008,186,00:26:52.770,00:27:04.260,Monique Lillard,"That, why do we need to read so because we have HBO now and we've got Alex and season of HP and game of thrones came out so we were forced to get each year when.",2021-06-25_benramalingam_annmariefulfer_sunilramalingam_videostore_transcript.vtt
mainstreet008,187,00:27:06.900,00:27:18.360,Monique Lillard,"We do the good work is the stores gone and I found the series to watch and we're paying for it so yeah right yeah no, I know I might I might get with.",2021-06-25_benramalingam_annmariefulfer_sunilramalingam_videostore_transcript.vtt
mainstreet008,188,00:27:21.060,00:27:35.700,Monique Lillard,"My son louie for some reason he dislikes Jeff bezos, and so I don't do Amazon prime because he is so strict about this kind of thing and then I think he does it all the time i'm not sure i'm aligned.",2021-06-25_benramalingam_annmariefulfer_sunilramalingam_videostore_transcript.vtt
mainstreet008,189,00:27:38.160,00:27:39.120,Monique Lillard,To adopt a standard.,2021-06-25_benramalingam_annmariefulfer_sunilramalingam_videostore_transcript.vtt
mainstreet008,190,00:27:43.740,00:27:49.080,Monique Lillard,"Okay, so how did you learn the video struggles closing and what were your emotions.",2021-06-25_benramalingam_annmariefulfer_sunilramalingam_videostore_transcript.vtt
mainstreet008,191,00:27:50.370,00:27:51.570,Monique Lillard,learned on instagram.,2021-06-25_benramalingam_annmariefulfer_sunilramalingam_videostore_transcript.vtt
mainstreet008,192,00:27:54.240,00:27:57.660,Monique Lillard,from home who posted from Main Street video I did not know that.,2021-06-25_benramalingam_annmariefulfer_sunilramalingam_videostore_transcript.vtt
mainstreet008,193,00:27:59.550,00:28:12.960,Monique Lillard,"And i'm sure I learned from her, I would have to my boss at the Kennedy OK OK, and so that's where I wanted to move now is, can you describe those last days and the clearing out process from the store and then.",2021-06-25_benramalingam_annmariefulfer_sunilramalingam_videostore_transcript.vtt
mainstreet008,194,00:28:13.770,00:28:20.850,Monique Lillard,Getting a whole bunch of stuff in from the camera I think this is maybe then maybe you also have you visited a lot of what we're going.,2021-06-25_benramalingam_annmariefulfer_sunilramalingam_videostore_transcript.vtt
mainstreet008,195,00:28:22.200,00:28:22.950,Monique Lillard,To get to the.,2021-06-25_benramalingam_annmariefulfer_sunilramalingam_videostore_transcript.vtt
mainstreet008,196,00:28:24.060,00:28:34.050,Monique Lillard,Closing and I wasn't there for any of the boxes being moved from what I heard that employees that mainstream video just packed all the goodness.,2021-06-25_benramalingam_annmariefulfer_sunilramalingam_videostore_transcript.vtt
mainstreet008,197,00:28:34.860,00:28:45.090,Monique Lillard,All the DVDs were in the square plastic cleared up like okay cases and then there are actual boxes that were thrown into so they're all separate they're thrown into.,2021-06-25_benramalingam_annmariefulfer_sunilramalingam_videostore_transcript.vtt
mainstreet008,198,00:28:45.570,00:28:55.920,Monique Lillard,"boxes and brought to the Kimberly and the aisles and stage or just live with boxes everywhere, and so we have a system that changed throughout.",2021-06-25_benramalingam_annmariefulfer_sunilramalingam_videostore_transcript.vtt
mainstreet008,199,00:28:57.000,00:29:17.970,Monique Lillard,"But we'd have to type in each movies number, because it has a five digit number on album and then put the DVD box on the correct casing for it and then match them discard the arms, it was a long process, it just started the the cake cake.",2021-06-25_benramalingam_annmariefulfer_sunilramalingam_videostore_transcript.vtt
mainstreet008,200,00:29:18.990,00:29:19.650,Monique Lillard,I actually.,2021-06-25_benramalingam_annmariefulfer_sunilramalingam_videostore_transcript.vtt
mainstreet008,201,00:29:21.900,00:29:22.260,Monique Lillard,They know.,2021-06-25_benramalingam_annmariefulfer_sunilramalingam_videostore_transcript.vtt
mainstreet008,202,00:29:24.990,00:29:33.300,Monique Lillard,"That Yes, they were sales so just so both if you don't mind do demonstrations, to show what the foxes look like and how that works.",2021-06-25_benramalingam_annmariefulfer_sunilramalingam_videostore_transcript.vtt
mainstreet008,203,00:29:36.750,00:29:49.350,Monique Lillard,"So we'd have to pretend, these are the same movie this would be in a box and we just said, all the movie cases that we know belong with on top of it as the first step, and my boss would take.",2021-06-25_benramalingam_annmariefulfer_sunilramalingam_videostore_transcript.vtt
mainstreet008,204,00:29:49.860,00:30:06.840,Monique Lillard,"This five digits of a focusing on this five digit number, I put it into the system and then, when it's ready, we would take them out of each case put it into the box and then discard them this case and this took.",2021-06-25_benramalingam_annmariefulfer_sunilramalingam_videostore_transcript.vtt
mainstreet008,205,00:30:07.950,00:30:12.690,Monique Lillard,"The four months because there were 60,000 DVDs.",2021-06-25_benramalingam_annmariefulfer_sunilramalingam_videostore_transcript.vtt
mainstreet008,206,00:30:13.800,00:30:15.330,Monique Lillard,crazy I know they have.,2021-06-25_benramalingam_annmariefulfer_sunilramalingam_videostore_transcript.vtt
mainstreet008,207,00:30:16.920,00:30:26.310,Monique Lillard,In yeah they would be sorting also that we'd have to be putting these into the correct genre box so drama.,2021-06-25_benramalingam_annmariefulfer_sunilramalingam_videostore_transcript.vtt
mainstreet008,208,00:30:28.350,00:30:39.930,Monique Lillard,"cult classics that there is everything and many, many boxes for this was added to the pandemic started right, yes, this started, we started doing this in April, I think, and ended in August.",2021-06-25_benramalingam_annmariefulfer_sunilramalingam_videostore_transcript.vtt
mainstreet008,209,00:30:40.500,00:30:48.390,Monique Lillard,"But that's a plus as an employee because they can where you couldn't show movies, but to get to work on this.",2021-06-25_benramalingam_annmariefulfer_sunilramalingam_videostore_transcript.vtt
mainstreet008,210,00:30:50.610,00:30:50.790,,yeah.,2021-06-25_benramalingam_annmariefulfer_sunilramalingam_videostore_transcript.vtt
mainstreet008,211,00:30:52.740,00:30:52.920,Monique Lillard,you're.,2021-06-25_benramalingam_annmariefulfer_sunilramalingam_videostore_transcript.vtt
mainstreet008,212,00:30:54.270,00:31:03.300,Monique Lillard,"Right, so my home I work, I think I worked on a couple of days, our customers yeah I had all my.",2021-06-25_benramalingam_annmariefulfer_sunilramalingam_videostore_transcript.vtt
mainstreet008,213,00:31:04.320,00:31:05.040,Monique Lillard,friends.,2021-06-25_benramalingam_annmariefulfer_sunilramalingam_videostore_transcript.vtt
mainstreet008,214,00:31:06.240,00:31:06.780,Monique Lillard,and family.,2021-06-25_benramalingam_annmariefulfer_sunilramalingam_videostore_transcript.vtt
mainstreet008,215,00:31:08.250,00:31:11.550,Monique Lillard,"To help with us, it yeah it was rough.",2021-06-25_benramalingam_annmariefulfer_sunilramalingam_videostore_transcript.vtt
mainstreet008,216,00:31:12.840,00:31:23.130,Monique Lillard,"But in when looking back at it now those kind of fun, because we were just talking with each other, the entire time and it was at one point just muscle memory thing just going through everything.",2021-06-25_benramalingam_annmariefulfer_sunilramalingam_videostore_transcript.vtt
mainstreet008,217,00:31:24.960,00:31:26.550,Monique Lillard,Remember black currently we're talking.,2021-06-25_benramalingam_annmariefulfer_sunilramalingam_videostore_transcript.vtt
mainstreet008,218,00:31:28.110,00:31:31.020,Monique Lillard,"To the right side, there was the area to go.",2021-06-25_benramalingam_annmariefulfer_sunilramalingam_videostore_transcript.vtt
mainstreet008,219,00:31:33.390,00:31:36.240,Monique Lillard,"Yes, there was a box with.",2021-06-25_benramalingam_annmariefulfer_sunilramalingam_videostore_transcript.vtt
mainstreet008,220,00:31:37.530,00:31:37.860,Monique Lillard,A dog.,2021-06-25_benramalingam_annmariefulfer_sunilramalingam_videostore_transcript.vtt
mainstreet008,221,00:31:40.470,00:31:43.800,Monique Lillard,"Yes, Ben stay with mathematics, do not want it.",2021-06-25_benramalingam_annmariefulfer_sunilramalingam_videostore_transcript.vtt
mainstreet008,222,00:31:48.000,00:31:49.290,Monique Lillard,Under 18 year old.,2021-06-25_benramalingam_annmariefulfer_sunilramalingam_videostore_transcript.vtt
mainstreet008,223,00:31:53.850,00:31:54.480,Monique Lillard,So do.,2021-06-25_benramalingam_annmariefulfer_sunilramalingam_videostore_transcript.vtt
mainstreet008,224,00:32:00.180,00:32:00.690,Monique Lillard,You think.,2021-06-25_benramalingam_annmariefulfer_sunilramalingam_videostore_transcript.vtt
mainstreet008,225,00:32:13.530,00:32:24.660,Monique Lillard,"We, there are some of the CEOs from the cameras because they operated there's something else, because you get them in this genre box and then somebody must have type those titles, because I don't want to get access.",2021-06-25_benramalingam_annmariefulfer_sunilramalingam_videostore_transcript.vtt
mainstreet008,226,00:32:25.800,00:32:35.220,Monique Lillard,"I was, I think I was in a depression and i'm so mad because I missed getting some things I really wanted, but I know they type things, and then they would.",2021-06-25_benramalingam_annmariefulfer_sunilramalingam_videostore_transcript.vtt
mainstreet008,227,00:32:36.090,00:32:45.150,Monique Lillard,"Provide shower we got all the time I wasn't doing actual sales that was on my boss, and everything sometimes i'll be working chip and.",2021-06-25_benramalingam_annmariefulfer_sunilramalingam_videostore_transcript.vtt
mainstreet008,228,00:32:46.080,00:32:53.370,Monique Lillard,"Someone named Craig will be 11 to pick up his box of movies, so, then I just go over with him and then hand it off.",2021-06-25_benramalingam_annmariefulfer_sunilramalingam_videostore_transcript.vtt
mainstreet008,229,00:32:53.970,00:33:00.210,Monique Lillard,"Who would pick the movies let's say because I remember, they would they would send something out on instagram or.",2021-06-25_benramalingam_annmariefulfer_sunilramalingam_videostore_transcript.vtt
mainstreet008,230,00:33:00.750,00:33:16.590,Monique Lillard,"Facebook and and, and so it say okay we're really seeing comedies and all comedy it's like musical comedies we have written yeah, and so they you know go to Lincoln bio and you would go and then you would see.",2021-06-25_benramalingam_annmariefulfer_sunilramalingam_videostore_transcript.vtt
mainstreet008,231,00:33:17.760,00:33:27.840,Monique Lillard,"Basically, an excel spreadsheet list, and you would add the five digit number five digit number, which is all wrong right.",2021-06-25_benramalingam_annmariefulfer_sunilramalingam_videostore_transcript.vtt
mainstreet008,232,00:33:31.440,00:33:43.800,Monique Lillard,"And you would, and so you would write you would write down your five digit codes for each movie that you wanted, and then you would submit it to the kenworthy and.",2021-06-25_benramalingam_annmariefulfer_sunilramalingam_videostore_transcript.vtt
mainstreet008,233,00:33:44.460,00:33:55.800,Monique Lillard,"They would say okay I I got your order and these five are available and these three are not because it was our first come, first serve so then somebody had to.",2021-06-25_benramalingam_annmariefulfer_sunilramalingam_videostore_transcript.vtt
mainstreet008,234,00:33:57.300,00:33:59.190,Monique Lillard,"pick those movies, out of the.",2021-06-25_benramalingam_annmariefulfer_sunilramalingam_videostore_transcript.vtt
mainstreet008,235,00:34:01.560,00:34:04.320,Monique Lillard,racks I mean they were just racks and racks of.,2021-06-25_benramalingam_annmariefulfer_sunilramalingam_videostore_transcript.vtt
mainstreet008,236,00:34:05.730,00:34:08.010,Monique Lillard,The white right there yeah.,2021-06-25_benramalingam_annmariefulfer_sunilramalingam_videostore_transcript.vtt
mainstreet008,237,00:34:09.060,00:34:20.220,Monique Lillard,In the genre so somebody had to go through with a fine yeah he says we kind of have them in an order did our best and yeah and then you would go to.,2021-06-25_benramalingam_annmariefulfer_sunilramalingam_videostore_transcript.vtt
mainstreet008,238,00:34:21.030,00:34:32.550,Monique Lillard,"The kenworthy in the box with your name on it would be a red flag that you made to get like these are the movies, this person wants so it's but have all the numbers written down on all of them, so i'd have to.",2021-06-25_benramalingam_annmariefulfer_sunilramalingam_videostore_transcript.vtt
mainstreet008,239,00:34:33.270,00:34:46.560,Monique Lillard,"try to find the genre go through the box find the movie with that number, because they can be multiple copies and then put it into this person's box if they're taking home boxes was anybody mad or.",2021-06-25_benramalingam_annmariefulfer_sunilramalingam_videostore_transcript.vtt
mainstreet008,240,00:34:48.720,00:34:53.340,Monique Lillard,i've ever come across someone went like oh I didn't get the movie I wanted it lets me.,2021-06-25_benramalingam_annmariefulfer_sunilramalingam_videostore_transcript.vtt
mainstreet008,241,00:34:58.140,00:34:59.700,Monique Lillard,Know cannot find so.,2021-06-25_benramalingam_annmariefulfer_sunilramalingam_videostore_transcript.vtt
mainstreet008,242,00:35:01.830,00:35:08.460,Monique Lillard,"yeah the 1972 that's another one, we might all when you when you bring up this one will give you that oh oh.",2021-06-25_benramalingam_annmariefulfer_sunilramalingam_videostore_transcript.vtt
mainstreet008,243,00:35:09.870,00:35:11.070,Monique Lillard,"Oh, you own it now okay.",2021-06-25_benramalingam_annmariefulfer_sunilramalingam_videostore_transcript.vtt
mainstreet008,244,00:35:12.570,00:35:17.640,Monique Lillard,"yeah that was another thing then we'd get like a taste for these movies, and then we.",2021-06-25_benramalingam_annmariefulfer_sunilramalingam_videostore_transcript.vtt
mainstreet008,245,00:35:18.780,00:35:21.150,Monique Lillard,"Practice them because, even if you hadn't come.",2021-06-25_benramalingam_annmariefulfer_sunilramalingam_videostore_transcript.vtt
mainstreet008,246,00:35:22.830,00:35:28.860,Monique Lillard,"Oh, I want to get parasite where that is so, when we eventually came across it like weeks later, and how does one.",2021-06-25_benramalingam_annmariefulfer_sunilramalingam_videostore_transcript.vtt
mainstreet008,247,00:35:30.480,00:35:32.190,Monique Lillard,get paid in movies ever.,2021-06-25_benramalingam_annmariefulfer_sunilramalingam_videostore_transcript.vtt
mainstreet008,248,00:35:33.390,00:35:40.290,Monique Lillard,That was kind of like I mean what was that what was that thing I got actually paid yeah yeah.,2021-06-25_benramalingam_annmariefulfer_sunilramalingam_videostore_transcript.vtt
mainstreet008,249,00:35:41.520,00:35:55.830,Monique Lillard,I think it was OK there's like a line of who got choices and I don't know who was first was not be it may have been second like along with the other employees.,2021-06-25_benramalingam_annmariefulfer_sunilramalingam_videostore_transcript.vtt
mainstreet008,250,00:35:58.140,00:36:01.230,Monique Lillard,So that because we're they're working it's like oh.,2021-06-25_benramalingam_annmariefulfer_sunilramalingam_videostore_transcript.vtt
mainstreet008,251,00:36:03.720,00:36:11.460,Monique Lillard,yeah and there was a because there were some movies that were set aside for the libraries yeah and there's a criterion collection.,2021-06-25_benramalingam_annmariefulfer_sunilramalingam_videostore_transcript.vtt
mainstreet008,252,00:36:14.310,00:36:16.290,Monique Lillard,was kept the idea is that right.,2021-06-25_benramalingam_annmariefulfer_sunilramalingam_videostore_transcript.vtt
mainstreet008,253,00:36:17.370,00:36:24.180,Monique Lillard,It was yeah we raised there were some duplicates but we learned that would be the rock it's part of the.,2021-06-25_benramalingam_annmariefulfer_sunilramalingam_videostore_transcript.vtt
mainstreet008,254,00:36:29.370,00:36:34.320,Monique Lillard,"Page to get that into the crunch right, I mean the fact that you don't know what it is we did.",2021-06-25_benramalingam_annmariefulfer_sunilramalingam_videostore_transcript.vtt
mainstreet008,255,00:36:36.960,00:36:39.300,Monique Lillard,there's lots of bang noises okay.,2021-06-25_benramalingam_annmariefulfer_sunilramalingam_videostore_transcript.vtt
mainstreet008,256,00:36:42.540,00:36:42.810,,All right.,2021-06-25_benramalingam_annmariefulfer_sunilramalingam_videostore_transcript.vtt
mainstreet008,257,00:36:47.670,00:37:01.650,Monique Lillard,"Do you think it can really kind of again, this is not a blame thing and it's not an i'm not volunteering to have done this by any means, but what if they auctioned the movie you think I would have been some excitement about some of them.",2021-06-25_benramalingam_annmariefulfer_sunilramalingam_videostore_transcript.vtt
mainstreet008,258,00:37:04.560,00:37:05.010,Monique Lillard,For sure.,2021-06-25_benramalingam_annmariefulfer_sunilramalingam_videostore_transcript.vtt
mainstreet008,259,00:37:06.420,00:37:20.880,Monique Lillard,"I think so, yes, but also, it was a pandemic and these people were working so hard, I mean hours, I think Jamie was there, like 60 hours a week, just.",2021-06-25_benramalingam_annmariefulfer_sunilramalingam_videostore_transcript.vtt
mainstreet008,260,00:37:22.050,00:37:24.780,Monique Lillard,"typing in the little five numbers, I mean.",2021-06-25_benramalingam_annmariefulfer_sunilramalingam_videostore_transcript.vtt
mainstreet008,261,00:37:27.000,00:37:38.340,Monique Lillard,"It would have taken more bandwidth than was available yeah I mean it's I think in hindsight sure great idea but, at the time it was.",2021-06-25_benramalingam_annmariefulfer_sunilramalingam_videostore_transcript.vtt
mainstreet008,262,00:37:39.540,00:37:55.200,Monique Lillard,"I mean I just remember Gretchen wizner they're like going through movies, and I mean become if you combine all the people will help to any point during the planning i'd say right for 60,000.",2021-06-25_benramalingam_annmariefulfer_sunilramalingam_videostore_transcript.vtt
mainstreet008,263,00:37:58.200,00:38:00.330,Monique Lillard,"be contacting me on that, so I think.",2021-06-25_benramalingam_annmariefulfer_sunilramalingam_videostore_transcript.vtt
mainstreet008,264,00:38:01.500,00:38:03.360,Monique Lillard,that's fine yeah.,2021-06-25_benramalingam_annmariefulfer_sunilramalingam_videostore_transcript.vtt
mainstreet008,265,00:38:04.650,00:38:11.190,Monique Lillard,"yeah I took many pictures i'll send you later, a little video I forgot what the auditorium look like we.",2021-06-25_benramalingam_annmariefulfer_sunilramalingam_videostore_transcript.vtt
mainstreet008,266,00:38:12.510,00:38:16.500,Monique Lillard,know and we you know we get that to the library that'd be great.,2021-06-25_benramalingam_annmariefulfer_sunilramalingam_videostore_transcript.vtt
mainstreet008,267,00:38:17.520,00:38:20.970,Monique Lillard,picture of you doing the final review oh.,2021-06-25_benramalingam_annmariefulfer_sunilramalingam_videostore_transcript.vtt
mainstreet008,268,00:38:25.320,00:38:26.070,Monique Lillard,that's wonderful.,2021-06-25_benramalingam_annmariefulfer_sunilramalingam_videostore_transcript.vtt
mainstreet008,269,00:38:27.330,00:38:37.950,Monique Lillard,"yeah no I mean and just again for the record the pandemic, first of all, having done now quite a few of these interviews and thinking about myself.",2021-06-25_benramalingam_annmariefulfer_sunilramalingam_videostore_transcript.vtt
mainstreet008,270,00:38:38.730,00:38:46.410,Monique Lillard,"Almost everybody's memory is really vague, you know, and I say to people, it was closed in March of 2020 they say, really.",2021-06-25_benramalingam_annmariefulfer_sunilramalingam_videostore_transcript.vtt
mainstreet008,271,00:38:46.920,00:38:54.090,Monique Lillard,"You know and it's just even people who are pretty involved it's just there's some oddness of the pandemic and then we just didn't know what was happening, I mean.",2021-06-25_benramalingam_annmariefulfer_sunilramalingam_videostore_transcript.vtt
mainstreet008,272,00:38:54.870,00:39:06.570,Monique Lillard,"In March, people thought that everything will be open in June at the latest and then here it is August and things are still happening so again asking this question about the auction it's just sort of.",2021-06-25_benramalingam_annmariefulfer_sunilramalingam_videostore_transcript.vtt
mainstreet008,273,00:39:07.740,00:39:09.090,Monique Lillard,Just a purely academic.,2021-06-25_benramalingam_annmariefulfer_sunilramalingam_videostore_transcript.vtt
mainstreet008,274,00:39:10.650,00:39:14.070,Monique Lillard,"Agreement Dutch auction, for instance, I could just see people racing.",2021-06-25_benramalingam_annmariefulfer_sunilramalingam_videostore_transcript.vtt
mainstreet008,275,00:39:15.330,00:39:24.240,Monique Lillard,"back and forth, you know, raising the bits of movies, they really wanted yeah I think that's just way too much going on over there, though we're just like right.",2021-06-25_benramalingam_annmariefulfer_sunilramalingam_videostore_transcript.vtt
mainstreet008,276,00:39:26.490,00:39:28.020,Monique Lillard,Where we were was it going to.,2021-06-25_benramalingam_annmariefulfer_sunilramalingam_videostore_transcript.vtt
mainstreet008,277,00:39:32.280,00:39:42.600,Monique Lillard,"win the auction we've had a hell that line so that was that was still early days of how people were doing things, but the inventory where would the inventory be yeah there's.",2021-06-25_benramalingam_annmariefulfer_sunilramalingam_videostore_transcript.vtt
mainstreet008,278,00:39:43.110,00:40:02.550,Monique Lillard,"room it, I mean it was the entire theater was definitely want to see the oh no, it was everywhere, like all the aisles the front, especially across see yesterday on feeds the balcony have some really my leg never we never saw that.",2021-06-25_benramalingam_annmariefulfer_sunilramalingam_videostore_transcript.vtt
mainstreet008,279,00:40:04.800,00:40:11.100,Monique Lillard,"yeah my memory is just like oh that was last summer, but it seems like such a small thing but.",2021-06-25_benramalingam_annmariefulfer_sunilramalingam_videostore_transcript.vtt
mainstreet008,280,00:40:11.730,00:40:23.760,Monique Lillard,"Not at the time of was months and months I collectively spent right days there but The thing is, I only spent like a fraction compared to a few other people there, but you see you finish school right you directly to my.",2021-06-25_benramalingam_annmariefulfer_sunilramalingam_videostore_transcript.vtt
mainstreet008,281,00:40:24.390,00:40:30.990,Monique Lillard,"Colleagues, the first month and a half right like Jamie Christine bill made it way more than yeah.",2021-06-25_benramalingam_annmariefulfer_sunilramalingam_videostore_transcript.vtt
mainstreet008,282,00:40:35.070,00:40:41.370,Monique Lillard,"Just so people can have Duffy I would, if I weren't out my own corner workout something I bet.",2021-06-25_benramalingam_annmariefulfer_sunilramalingam_videostore_transcript.vtt
mainstreet008,283,00:40:43.560,00:40:45.270,Monique Lillard,They fire up close where one.,2021-06-25_benramalingam_annmariefulfer_sunilramalingam_videostore_transcript.vtt
mainstreet008,284,00:40:47.190,00:40:48.540,Monique Lillard,A little bit of history there.,2021-06-25_benramalingam_annmariefulfer_sunilramalingam_videostore_transcript.vtt
mainstreet008,285,00:40:49.890,00:41:05.460,Monique Lillard,that's good that's good so more memories of that close down owner of the store that's I mean you guys will take those events all money remember it was shocked episode seven that's how I felt I felt like it was just.,2021-06-25_benramalingam_annmariefulfer_sunilramalingam_videostore_transcript.vtt
mainstreet008,286,00:41:07.110,00:41:11.220,Monique Lillard,"Something I mean the pandemic and just barely been called it, the site.",2021-06-25_benramalingam_annmariefulfer_sunilramalingam_videostore_transcript.vtt
mainstreet008,287,00:41:12.330,00:41:14.250,Monique Lillard,"And, and they said.",2021-06-25_benramalingam_annmariefulfer_sunilramalingam_videostore_transcript.vtt
mainstreet008,288,00:41:16.110,00:41:17.100,Monique Lillard,we're pulling the plug.,2021-06-25_benramalingam_annmariefulfer_sunilramalingam_videostore_transcript.vtt
mainstreet008,289,00:41:18.210,00:41:22.710,Monique Lillard,And we're donating everything to kenworthy and it was just.,2021-06-25_benramalingam_annmariefulfer_sunilramalingam_videostore_transcript.vtt
mainstreet008,290,00:41:24.150,00:41:24.900,Monique Lillard,said matter.,2021-06-25_benramalingam_annmariefulfer_sunilramalingam_videostore_transcript.vtt
mainstreet008,291,00:41:26.310,00:41:33.120,Monique Lillard,"That was very sad about it, and I was glad that it that the videos we're going to the kenworthy.",2021-06-25_benramalingam_annmariefulfer_sunilramalingam_videostore_transcript.vtt
mainstreet008,292,00:41:34.200,00:41:34.680,Monique Lillard,But.,2021-06-25_benramalingam_annmariefulfer_sunilramalingam_videostore_transcript.vtt
mainstreet008,293,00:41:35.880,00:41:46.680,Monique Lillard,"I mean, I guess, I still don't know what was going on behind the scenes, and I assume that the income have gone way down and it just wasn't sustainable so.",2021-06-25_benramalingam_annmariefulfer_sunilramalingam_videostore_transcript.vtt
mainstreet008,294,00:41:48.120,00:41:53.760,Monique Lillard,"I don't know if I kick myself and not renting more by then, I was telling I move Louis in September so.",2021-06-25_benramalingam_annmariefulfer_sunilramalingam_videostore_transcript.vtt
mainstreet008,295,00:41:54.810,00:42:05.970,Monique Lillard,"20 2019 so renting wasn't if we were to rent would be on the weekend and it wasn't practical for me, I can get things back in time so.",2021-06-25_benramalingam_annmariefulfer_sunilramalingam_videostore_transcript.vtt
mainstreet008,296,00:42:07.290,00:42:09.570,,I really couldn't rent at that time.,2021-06-25_benramalingam_annmariefulfer_sunilramalingam_videostore_transcript.vtt
mainstreet008,297,00:42:10.920,00:42:14.970,Monique Lillard,and apparently are late fees were not enough to support the business.,2021-06-25_benramalingam_annmariefulfer_sunilramalingam_videostore_transcript.vtt
mainstreet008,298,00:42:20.970,00:42:24.600,Monique Lillard,Moving to sort of away from Moscow in particular store.,2021-06-25_benramalingam_annmariefulfer_sunilramalingam_videostore_transcript.vtt
mainstreet008,299,00:42:25.920,00:42:46.620,Monique Lillard,"It I mean you think about the 20th century, when I guess was the birth of film and then movie theaters and then TV and then video stores, first the taste and the DVDs and other technologies, then streaming I tell me if i've left something out there.",2021-06-25_benramalingam_annmariefulfer_sunilramalingam_videostore_transcript.vtt
mainstreet008,300,00:42:47.670,00:42:59.370,Monique Lillard,"And now, here we are, wherever wherever we are here in 2021, what do you think about the all those different forms of delivery of entertainment, what are the pluses and minuses.",2021-06-25_benramalingam_annmariefulfer_sunilramalingam_videostore_transcript.vtt
mainstreet008,301,00:43:00.210,00:43:10.440,Monique Lillard,"I don't know if you've been to a theater now the injured open back up again yeah you know, and so, so we still got, I guess, we still got all of those except the video rental store.",2021-06-25_benramalingam_annmariefulfer_sunilramalingam_videostore_transcript.vtt
mainstreet008,302,00:43:11.970,00:43:17.160,Monique Lillard,"What what again, what are the pluses and minuses of all those different forms.",2021-06-25_benramalingam_annmariefulfer_sunilramalingam_videostore_transcript.vtt
mainstreet008,303,00:43:20.700,00:43:32.820,Monique Lillard,"But I really I do like going to movies, and I suppose on before the years out, I will start again yeah i'm not sure if i'm I think i'm probably good think i'll probably wear a mask when I go back.",2021-06-25_benramalingam_annmariefulfer_sunilramalingam_videostore_transcript.vtt
mainstreet008,304,00:43:34.680,00:43:36.300,Monique Lillard,Those people crushed it and they're.,2021-06-25_benramalingam_annmariefulfer_sunilramalingam_videostore_transcript.vtt
mainstreet008,305,00:43:38.910,00:43:42.390,Monique Lillard,Seeing right and yeah i'll be much more comfortable at the camera yeah.,2021-06-25_benramalingam_annmariefulfer_sunilramalingam_videostore_transcript.vtt
mainstreet008,306,00:43:43.710,00:43:56.040,Monique Lillard,"The other one over there in the mall that had limited seating oh really Okay, yes, so that that wouldn't know because I mean there's nothing quite like going to the movie and being around other people and getting their reactions.",2021-06-25_benramalingam_annmariefulfer_sunilramalingam_videostore_transcript.vtt
mainstreet008,307,00:43:57.330,00:44:18.750,Monique Lillard,"But I also really started to like the convenience of streaming and I, you know I i'm binge watching the wire now which I had never watched before and it's so easy so and and I can watch it down there, and most of them appear on the weekend I can I often don't watch it, but I can and.",2021-06-25_benramalingam_annmariefulfer_sunilramalingam_videostore_transcript.vtt
mainstreet008,308,00:44:22.980,00:44:27.060,Monique Lillard,yeah I mean growing up when we watch TV.,2021-06-25_benramalingam_annmariefulfer_sunilramalingam_videostore_transcript.vtt
mainstreet008,309,00:44:28.380,00:44:37.470,Monique Lillard,"We had no control when we watched the show the show just was like it was at this time, and you saw it, or you missed it and then.",2021-06-25_benramalingam_annmariefulfer_sunilramalingam_videostore_transcript.vtt
mainstreet008,310,00:44:38.160,00:44:49.470,Monique Lillard,"As time went on, you can record it and maybe watch it later, and that was that was a nice change and then maybe.",2021-06-25_benramalingam_annmariefulfer_sunilramalingam_videostore_transcript.vtt
mainstreet008,311,00:44:50.340,00:45:08.160,Monique Lillard,"You didn't see a couple of shows, but you had your video recording it and you could watch two in a row, and that was fantastic and then streaming which shows dropping and you can see all episodes you know binge watching became.",2021-06-25_benramalingam_annmariefulfer_sunilramalingam_videostore_transcript.vtt
mainstreet008,312,00:45:10.380,00:45:14.490,Monique Lillard,Something that that happening and I.,2021-06-25_benramalingam_annmariefulfer_sunilramalingam_videostore_transcript.vtt
mainstreet008,313,00:45:16.680,00:45:18.180,Monique Lillard,I love binge watching.,2021-06-25_benramalingam_annmariefulfer_sunilramalingam_videostore_transcript.vtt
mainstreet008,314,00:45:20.880,00:45:35.400,Monique Lillard,But there was just something that the last big DVD rental is when Ben convinced me to watch game of thrones and it was spring break 2827.,2021-06-25_benramalingam_annmariefulfer_sunilramalingam_videostore_transcript.vtt
mainstreet008,315,00:45:36.510,00:45:45.360,Monique Lillard,or 2019 when you went to Seattle is winning team I think now i'm I was around it was spring breaking.,2021-06-25_benramalingam_annmariefulfer_sunilramalingam_videostore_transcript.vtt
mainstreet008,316,00:45:48.750,00:45:49.290,Monique Lillard,and,2021-06-25_benramalingam_annmariefulfer_sunilramalingam_videostore_transcript.vtt
mainstreet008,317,00:45:52.530,00:45:53.880,Monique Lillard,Ben and I were both.,2021-06-25_benramalingam_annmariefulfer_sunilramalingam_videostore_transcript.vtt
mainstreet008,318,00:45:55.140,00:45:55.680,Monique Lillard,yeah.,2021-06-25_benramalingam_annmariefulfer_sunilramalingam_videostore_transcript.vtt
mainstreet008,319,00:45:57.270,00:46:01.470,Monique Lillard,Road and I had some kind of a flow or something I don't want to.,2021-06-25_benramalingam_annmariefulfer_sunilramalingam_videostore_transcript.vtt
mainstreet008,320,00:46:02.670,00:46:06.690,Monique Lillard,"Do, and so we would we would watch and.",2021-06-25_benramalingam_annmariefulfer_sunilramalingam_videostore_transcript.vtt
mainstreet008,321,00:46:09.000,00:46:13.020,Monique Lillard,Then we would rent our three three DVDs.,2021-06-25_benramalingam_annmariefulfer_sunilramalingam_videostore_transcript.vtt
mainstreet008,322,00:46:14.370,00:46:18.120,Monique Lillard,And then we take turns stumbling downtown to turn.,2021-06-25_benramalingam_annmariefulfer_sunilramalingam_videostore_transcript.vtt
mainstreet008,323,00:46:20.130,00:46:20.700,Monique Lillard,People.,2021-06-25_benramalingam_annmariefulfer_sunilramalingam_videostore_transcript.vtt
mainstreet008,324,00:46:22.380,00:46:23.340,Monique Lillard,infected people.,2021-06-25_benramalingam_annmariefulfer_sunilramalingam_videostore_transcript.vtt
mainstreet008,325,00:46:29.700,00:46:31.320,Monique Lillard,someone to take it on us.,2021-06-25_benramalingam_annmariefulfer_sunilramalingam_videostore_transcript.vtt
mainstreet008,326,00:46:35.250,00:46:40.620,Monique Lillard,But it was a goddess out of the House again it's moving yeah and.,2021-06-25_benramalingam_annmariefulfer_sunilramalingam_videostore_transcript.vtt
mainstreet008,327,00:46:43.350,00:46:43.860,Monique Lillard,I don't know.,2021-06-25_benramalingam_annmariefulfer_sunilramalingam_videostore_transcript.vtt
mainstreet008,328,00:46:45.180,00:46:52.440,Monique Lillard,Was it was just funny always remember that was very like on our Chair and couch just.,2021-06-25_benramalingam_annmariefulfer_sunilramalingam_videostore_transcript.vtt
mainstreet008,329,00:46:54.450,00:47:01.890,Monique Lillard,Are hot drinks yeah and I guess my fault that's my second last the last one being getting freaks and geeks because.,2021-06-25_benramalingam_annmariefulfer_sunilramalingam_videostore_transcript.vtt
mainstreet008,330,00:47:02.700,00:47:14.580,Monique Lillard,"After been removed from at that time, all streaming services i'm like well I have our deeds to Moscow video cut back on the place to go when you're screaming versus failed yeah yeah.",2021-06-25_benramalingam_annmariefulfer_sunilramalingam_videostore_transcript.vtt
mainstreet008,331,00:47:15.600,00:47:17.010,Monique Lillard,yeah to save.,2021-06-25_benramalingam_annmariefulfer_sunilramalingam_videostore_transcript.vtt
mainstreet008,332,00:47:19.410,00:47:26.130,Monique Lillard,Money happiness funniest we're just the reason the store anything leaked to mine.,2021-06-25_benramalingam_annmariefulfer_sunilramalingam_videostore_transcript.vtt
mainstreet008,333,00:47:27.210,00:47:31.050,Monique Lillard,"It does it doesn't have to do with renting any movies, this was.",2021-06-25_benramalingam_annmariefulfer_sunilramalingam_videostore_transcript.vtt
mainstreet008,334,00:47:33.600,00:47:38.070,Monique Lillard,A yogurt Tommy the intermittent when they started doing the where's Waldo hunts downtown.,2021-06-25_benramalingam_annmariefulfer_sunilramalingam_videostore_transcript.vtt
mainstreet008,335,00:47:39.210,00:47:45.870,Monique Lillard,I remember Howard Hughes being there the longest out of any other store because we just couldn't find him we're there for maybe half an hour.,2021-06-25_benramalingam_annmariefulfer_sunilramalingam_videostore_transcript.vtt
mainstreet008,336,00:47:47.580,00:47:53.880,Monique Lillard,"start at the beginning and explain what where's Waldo yes, so it started in 2014.",2021-06-25_benramalingam_annmariefulfer_sunilramalingam_videostore_transcript.vtt
mainstreet008,337,00:47:55.590,00:47:58.140,Monique Lillard,And then I remember it was the 25th anniversary of all.,2021-06-25_benramalingam_annmariefulfer_sunilramalingam_videostore_transcript.vtt
mainstreet008,338,00:48:00.810,00:48:01.080,Monique Lillard,Right.,2021-06-25_benramalingam_annmariefulfer_sunilramalingam_videostore_transcript.vtt
mainstreet008,339,00:48:02.550,00:48:22.800,Monique Lillard,behind him and engines and some small bookstore started a let's celebrate the 25th anniversary of where's Waldo so they had like these little miniature cardboard versions in bell that big or so and hit him around 25 different local stores at small.,2021-06-25_benramalingam_annmariefulfer_sunilramalingam_videostore_transcript.vtt
mainstreet008,340,00:48:23.910,00:48:28.320,Monique Lillard,"right but but it happened within the US, and it was yeah just.",2021-06-25_benramalingam_annmariefulfer_sunilramalingam_videostore_transcript.vtt
mainstreet008,341,00:48:29.640,00:48:41.610,Monique Lillard,"Moscow, so they gave an area they give you like a little passport and you carry that around and once you find them in store and tell them floor he where he is you get stamped and so we're at.",2021-06-25_benramalingam_annmariefulfer_sunilramalingam_videostore_transcript.vtt
mainstreet008,342,00:48:42.630,00:48:44.700,Monique Lillard,Howard Hughes are lots of video or whatever it was.,2021-06-25_benramalingam_annmariefulfer_sunilramalingam_videostore_transcript.vtt
mainstreet008,343,00:48:47.880,00:48:55.440,Monique Lillard,"And I remember Maybe it was the first that are set, because they started doing it, the next few years after because there's just so much fun, the first year so successful.",2021-06-25_benramalingam_annmariefulfer_sunilramalingam_videostore_transcript.vtt
mainstreet008,344,00:48:55.890,00:49:08.250,Monique Lillard,"So I remember the first or second year just walking around the store for maybe half an hour, and now we can we can do this and then just finding him and it's just the most obvious spot.",2021-06-25_benramalingam_annmariefulfer_sunilramalingam_videostore_transcript.vtt
mainstreet008,345,00:49:09.750,00:49:10.440,Monique Lillard,So innovation.,2021-06-25_benramalingam_annmariefulfer_sunilramalingam_videostore_transcript.vtt
mainstreet008,346,00:49:13.290,00:49:14.340,Monique Lillard,posters in their.,2021-06-25_benramalingam_annmariefulfer_sunilramalingam_videostore_transcript.vtt
mainstreet008,347,00:49:17.460,00:49:18.210,Monique Lillard,Faith plan.,2021-06-25_benramalingam_annmariefulfer_sunilramalingam_videostore_transcript.vtt
mainstreet008,348,00:49:20.370,00:49:34.140,Monique Lillard,"clear as day because we're all looking on the shelves, where we thought you would be there were several times, speaking of posters were you guys requested, so I don't know if it was for mainstream videos on our views, but they would we can really as well we do okay.",2021-06-25_benramalingam_annmariefulfer_sunilramalingam_videostore_transcript.vtt
mainstreet008,349,00:49:35.760,00:49:45.300,Monique Lillard,And that was the thing that mean the kids would request them and they wouldn't know for sure if they were going to get them that it was always a big deal to get one of the posters.,2021-06-25_benramalingam_annmariefulfer_sunilramalingam_videostore_transcript.vtt
mainstreet008,350,00:49:46.470,00:49:49.980,,You got it as a feature that from 1030.,2021-06-25_benramalingam_annmariefulfer_sunilramalingam_videostore_transcript.vtt
mainstreet008,351,00:49:54.120,00:49:56.580,Monique Lillard,Anything I should have asked for anything you want to add.,2021-06-25_benramalingam_annmariefulfer_sunilramalingam_videostore_transcript.vtt
mainstreet008,352,00:49:58.080,00:49:59.970,Monique Lillard,Well i'm still sad that it's gone yeah I.,2021-06-25_benramalingam_annmariefulfer_sunilramalingam_videostore_transcript.vtt
mainstreet008,353,00:50:03.600,00:50:10.620,Monique Lillard,"Remember, but I just liked the feeling of going in and you often have a goal, and I want to get X or y but.",2021-06-25_benramalingam_annmariefulfer_sunilramalingam_videostore_transcript.vtt
mainstreet008,354,00:50:11.790,00:50:19.140,Monique Lillard,You know those days you see something that you hadn't hadn't seen in years or that you've met to see for a long time and.,2021-06-25_benramalingam_annmariefulfer_sunilramalingam_videostore_transcript.vtt
mainstreet008,355,00:50:20.400,00:50:28.620,Monique Lillard,"You just never knew what you're going to find any consult you know, as I go through HBO or netflix whatever I scroll through and and.",2021-06-25_benramalingam_annmariefulfer_sunilramalingam_videostore_transcript.vtt
mainstreet008,356,00:50:29.100,00:50:42.600,Monique Lillard,"vacation will see something and watch, something I didn't plan to watch because there it is, but it was just so much, it was a better experience with all those titles and just do one sweet with your eye and you might see five things that.",2021-06-25_benramalingam_annmariefulfer_sunilramalingam_videostore_transcript.vtt
mainstreet008,357,00:50:43.620,00:50:49.050,Monique Lillard,You liked or want to see you don't if you can't replicate I can't recommend that.,2021-06-25_benramalingam_annmariefulfer_sunilramalingam_videostore_transcript.vtt
mainstreet008,358,00:50:52.050,00:50:52.440,,story.,2021-06-25_benramalingam_annmariefulfer_sunilramalingam_videostore_transcript.vtt
mainstreet008,359,00:50:53.460,00:50:55.950,Monique Lillard,For that wasn't here that was it was.,2021-06-25_benramalingam_annmariefulfer_sunilramalingam_videostore_transcript.vtt
mainstreet008,360,00:51:00.780,00:51:13.170,Monique Lillard,"It was in 90 it was thanksgiving week of 95 so Henry had moved up to Moscow and my parents live in portland at the time, and so those a year after Pulp Fiction came out.",2021-06-25_benramalingam_annmariefulfer_sunilramalingam_videostore_transcript.vtt
mainstreet008,361,00:51:13.830,00:51:22.620,Monique Lillard,"And i've been talking with my parents on the phone and i'm my mother said sunita this book fiction, it should be watching I said oh I don't think you should watch that.",2021-06-25_benramalingam_annmariefulfer_sunilramalingam_videostore_transcript.vtt
mainstreet008,362,00:51:23.040,00:51:27.930,Monique Lillard,And I don't think I said it any more strongly than that but I thought it was strong enough.,2021-06-25_benramalingam_annmariefulfer_sunilramalingam_videostore_transcript.vtt
mainstreet008,363,00:51:28.770,00:51:43.920,Monique Lillard,"And she asked a couple more times and then it was thanksgiving week and my mom color because the video store and block block but blockbuster had a sign saying we will always have fiction in if you ask for it, they must have had 20.",2021-06-25_benramalingam_annmariefulfer_sunilramalingam_videostore_transcript.vtt
mainstreet008,364,00:51:45.420,00:51:54.660,Monique Lillard,"And so, she could she could walk away from the side or my warning and so thanksgiving when she called us we've rented Pulp Fiction and I said.",2021-06-25_benramalingam_annmariefulfer_sunilramalingam_videostore_transcript.vtt
mainstreet008,365,00:51:55.350,00:52:02.250,Monique Lillard,That I said okay call me when you watch after you watch it and my parents are both especially my mom.,2021-06-25_benramalingam_annmariefulfer_sunilramalingam_videostore_transcript.vtt
mainstreet008,366,00:52:03.000,00:52:19.320,Monique Lillard,"Religious evangelical Christians, and so it just wasn't the film, they should be watching, but now I needed to know, and so I I must have called them the next day, and I said, did you watch it and there was a pause you said chichi chichi sunny why didn't you tell me not to watch.",2021-06-25_benramalingam_annmariefulfer_sunilramalingam_videostore_transcript.vtt
mainstreet008,367,00:52:20.940,00:52:36.780,Monique Lillard,But I knew that my my dad was primarily mosquito specialist but also Paris at all just and and there were always I mean he would tell parasites stories of the dining table there were scenes I mean knowing them I knew that there were going to be some seeds that they.,2021-06-25_benramalingam_annmariefulfer_sunilramalingam_videostore_transcript.vtt
mainstreet008,368,00:52:39.240,00:52:46.410,Monique Lillard,would have reacted to in in a in an interesting way as well and i'll go ahead and name the scenes So what about the scene in the.,2021-06-25_benramalingam_annmariefulfer_sunilramalingam_videostore_transcript.vtt
mainstreet008,369,00:52:47.040,00:52:56.490,Monique Lillard,"In the pawn shop where Bruce willis is going from one weapon to a neck to the next, trying to figure out what to use didn't you think that was funny and my mother pasta know.",2021-06-25_benramalingam_annmariefulfer_sunilramalingam_videostore_transcript.vtt
mainstreet008,370,00:52:59.100,00:53:19.200,Monique Lillard,"I came up with some other see I can't remember which one I said, well, did you think that was funny no and then I said the watch when Bruce willis tells the watch story, and you see who is in the Christopher Christopher walken come in and she passed, she said that what was soon bottle.",2021-06-25_benramalingam_annmariefulfer_sunilramalingam_videostore_transcript.vtt
mainstreet008,371,00:53:26.220,00:53:28.380,Monique Lillard,And you'll have to look for the watch.,2021-06-25_benramalingam_annmariefulfer_sunilramalingam_videostore_transcript.vtt
mainstreet008,372,00:53:31.260,00:53:31.680,Monique Lillard,This.,2021-06-25_benramalingam_annmariefulfer_sunilramalingam_videostore_transcript.vtt
mainstreet008,373,00:53:34.020,00:53:34.980,Monique Lillard,saw it would.,2021-06-25_benramalingam_annmariefulfer_sunilramalingam_videostore_transcript.vtt
mainstreet008,374,00:53:37.860,00:53:44.790,Monique Lillard,"I guess, I just want to add at the at the new location, the main street location I love to the front door and the back door, I.",2021-06-25_benramalingam_annmariefulfer_sunilramalingam_videostore_transcript.vtt
mainstreet008,375,00:53:45.900,00:53:52.680,Monique Lillard,"Thought and the return slots, which is amazing yeah in the alley really not fun when we walk to the Co operative.",2021-06-25_benramalingam_annmariefulfer_sunilramalingam_videostore_transcript.vtt
mainstreet008,376,00:53:55.050,00:54:06.720,Monique Lillard,"But I love that you could go in either way I just like entrances, I guess, in a sense, but I love going in and hearing list keep listening for the movie they were playing.",2021-06-25_benramalingam_annmariefulfer_sunilramalingam_videostore_transcript.vtt
mainstreet008,377,00:54:07.230,00:54:15.810,Monique Lillard,and identify what am I right CBS around store playing the same thing right and trying to identify it as quickly as possible.,2021-06-25_benramalingam_annmariefulfer_sunilramalingam_videostore_transcript.vtt
mainstreet008,378,00:54:17.160,00:54:19.740,Monique Lillard,without seeing it or having to ask.,2021-06-25_benramalingam_annmariefulfer_sunilramalingam_videostore_transcript.vtt
mainstreet008,379,00:54:22.470,00:54:35.640,Monique Lillard,"You this might be one more fun thing is that, behind the cancer, there is had a movie trivia question that if you got it right, you can put your name on her apple to get and if you Adrian name, you get your own shelf with your movie PICs that.",2021-06-25_benramalingam_annmariefulfer_sunilramalingam_videostore_transcript.vtt
mainstreet008,380,00:54:37.320,00:54:38.520,Monique Lillard,which I never want that.,2021-06-25_benramalingam_annmariefulfer_sunilramalingam_videostore_transcript.vtt
mainstreet008,381,00:54:41.100,00:54:41.490,Monique Lillard,list.,2021-06-25_benramalingam_annmariefulfer_sunilramalingam_videostore_transcript.vtt
mainstreet008,382,00:54:43.800,00:54:45.810,Monique Lillard,He picked it up oh actually.,2021-06-25_benramalingam_annmariefulfer_sunilramalingam_videostore_transcript.vtt
mainstreet008,383,00:54:48.570,00:54:57.510,Monique Lillard,"I don't think I ever knew the answers to their trivia but i'll also say, because you mentioned and consistent exits there are several stores in Moscow.",2021-06-25_benramalingam_annmariefulfer_sunilramalingam_videostore_transcript.vtt
mainstreet008,384,00:54:58.080,00:55:08.580,Monique Lillard,Where they encourage you to walk through and the video store was one so rather than walk the long way around the block you could just cut through that store both people's another.,2021-06-25_benramalingam_annmariefulfer_sunilramalingam_videostore_transcript.vtt
mainstreet008,385,00:55:09.120,00:55:15.270,Monique Lillard,"Night shots another and I actually sent to the people do you mind that i'm just walking through and they say, not at all I.",2021-06-25_benramalingam_annmariefulfer_sunilramalingam_videostore_transcript.vtt
mainstreet008,386,00:55:16.320,00:55:23.400,Monique Lillard,"Look around it yeah I almost gave up, but especially the bookstore in the video store they i'm sure they got some business from.",2021-06-25_benramalingam_annmariefulfer_sunilramalingam_videostore_transcript.vtt
mainstreet008,387,00:55:24.480,00:55:27.960,Monique Lillard,"The bike store they're just Nice, and you can just feel that they have.",2021-06-25_benramalingam_annmariefulfer_sunilramalingam_videostore_transcript.vtt
mainstreet008,388,00:55:29.160,00:55:29.940,Monique Lillard,You like that too.,2021-06-25_benramalingam_annmariefulfer_sunilramalingam_videostore_transcript.vtt
mainstreet008,389,00:55:33.840,00:55:34.230,,yeah.,2021-06-25_benramalingam_annmariefulfer_sunilramalingam_videostore_transcript.vtt
mainstreet008,390,00:55:35.670,00:55:42.030,Monique Lillard,"I know what I forgot to ask you, and this would be to every meal, did you ever go to the micro movie house yes.",2021-06-25_benramalingam_annmariefulfer_sunilramalingam_videostore_transcript.vtt
mainstreet008,391,00:55:42.510,00:55:46.920,Monique Lillard,I love the microphone but just a quick description of the micro just for the sake of it because.,2021-06-25_benramalingam_annmariefulfer_sunilramalingam_videostore_transcript.vtt
mainstreet008,392,00:55:47.250,00:56:04.590,Monique Lillard,"I started to expand this into the micro little bit when I when I visited Moscow summer of 94 during the fire season, I took some days off to come up to Moscow to try and find an apartment to go and stop by the College and and ask if there is any can you do in my buddy john Lyons.",2021-06-25_benramalingam_annmariefulfer_sunilramalingam_videostore_transcript.vtt
mainstreet008,393,00:56:05.880,00:56:25.500,Monique Lillard,"Was do for some days, he was also firefighter and he was at grateful and I picked him up there, we drove up and he said ui Grad and he told me you're gonna want to go there and I think it was a former firefighter who ran it and, and so there were such great movies there and.",2021-06-25_benramalingam_annmariefulfer_sunilramalingam_videostore_transcript.vtt
mainstreet008,394,00:56:27.180,00:56:36.870,Monique Lillard,"Now, it was a huge shame when that close down and then to be replaced, but no offense to the tattoo world but be replaced with the tattoo parlor was just particularly painful for me.",2021-06-25_benramalingam_annmariefulfer_sunilramalingam_videostore_transcript.vtt
mainstreet008,395,00:56:40.230,00:56:52.170,Monique Lillard,"I had an excellent massage yes, yes, so, so I should say the word church for their peers I can't draw my bring some other place.",2021-06-25_benramalingam_annmariefulfer_sunilramalingam_videostore_transcript.vtt
mainstreet008,396,00:56:55.170,00:57:00.450,Monique Lillard,"yeah um I mean I don't know, maybe i'm cross remember it, but I just I feel like.",2021-06-25_benramalingam_annmariefulfer_sunilramalingam_videostore_transcript.vtt
mainstreet008,397,00:57:02.640,00:57:09.960,Monique Lillard,"I think yeah I think you've been in church, but it's not where the places we went like for your first week of finalists are between your we did.",2021-06-25_benramalingam_annmariefulfer_sunilramalingam_videostore_transcript.vtt
mainstreet008,398,00:57:10.440,00:57:21.750,Monique Lillard,"The day before my first final you came up to visit and we went and saw because I was living in California yeah yeah and I remember arguing, it was called the next day, and I said need to study music, do you need a break.",2021-06-25_benramalingam_annmariefulfer_sunilramalingam_videostore_transcript.vtt
mainstreet008,399,00:57:22.920,00:57:23.880,Monique Lillard,We went to the movie.,2021-06-25_benramalingam_annmariefulfer_sunilramalingam_videostore_transcript.vtt
mainstreet008,400,00:57:27.510,00:57:28.170,Monique Lillard,Anything else.,2021-06-25_benramalingam_annmariefulfer_sunilramalingam_videostore_transcript.vtt
mainstreet008,401,00:57:31.770,00:57:51.990,Monique Lillard,You know it's funny cuz most my memories are tied up now and packing everything oh yeah so that's perfect that's great yeah and i'll say with regards to the micro movie as the kenworthy is has more or less taken place as far as having niche movies and.,2021-06-25_benramalingam_annmariefulfer_sunilramalingam_videostore_transcript.vtt
mainstreet008,402,00:57:53.490,00:57:58.290,Monique Lillard,And so we haven't lost that although with us the atmosphere was such a cool place.,2021-06-25_benramalingam_annmariefulfer_sunilramalingam_videostore_transcript.vtt
mainstreet008,403,00:57:59.880,00:58:08.040,Monique Lillard,"yeah yeah well i'll see this this well, we are still recording I actually said this to everybody, usually off the recording.",2021-06-25_benramalingam_annmariefulfer_sunilramalingam_videostore_transcript.vtt
mainstreet008,404,00:58:08.400,00:58:25.020,Monique Lillard,"If you think of more things you want to say or suddenly think, oh no I said the wrong year, I said the wrong list or that, let me know we can correct it on the transcript or we can even do an additional recording, especially since Emma is going to come into you can all afford me here.",2021-06-25_benramalingam_annmariefulfer_sunilramalingam_videostore_transcript.vtt
mainstreet008,405,00:58:26.400,00:58:35.130,Monique Lillard,"So that's all excellent, and thank you so much for your time, I think the end the recording unless there's something you want to add right now Okay, and then.",2021-06-25_benramalingam_annmariefulfer_sunilramalingam_videostore_transcript.vtt
mainstreet008,406,00:58:36.840,00:58:43.110,Monique Lillard,we'll ask our youngest member to be the tech guy and click off on the recording stop the complete stuff.,2021-06-25_benramalingam_annmariefulfer_sunilramalingam_videostore_transcript.vtt
mainstreet008,407,00:58:44.730,00:58:48.210,Monique Lillard,yeah okay great and then i'll close this.,2021-06-25_benramalingam_annmariefulfer_sunilramalingam_videostore_transcript.vtt
